NP_462871.1	Q9L6L2
NP_461910.1	Q8ZMB7
NP_460959.1	Q8ZNR7
NP_463335.1	Q8ZK31
NP_459942.1	Q7CQU2
NP_460960.1	P40680
NP_460456.1	Q8ZPJ9
NP_459688.1	Q8ZQW4
NP_460613.1	Q8ZP88
NP_461204.1	Q8ZNH5
NP_460961.1	Q05603
NP_461047.1	H9L497
NP_463400.2	Q8ZJX6
NP_462720.1	Q7CPE9
NP_459545.1	P26318
NP_462074.1	P0A1H7
NP_459463.1	Q8ZRB0
NP_463244.2	Q8ZK90
NP_461649.1	Q8ZMT1
NP_462155.1	Q8ZLW2
NP_462790.1	P57015
NP_460535.1	P37593
NP_462240.1	Q8ZLR4
NP_462792.1	Q9L6T2
NP_459007.1	Q8ZS19
NP_462415.1	Q8ZLI6
NP_461911.1	Q8ZMB6
NP_461120.1	Q8ZNM3
NP_461747.1	P69917
NP_459629.1	Q8ZR02
NP_460998.1	Q9XDM9
NP_459736.1	P24519
NP_461443.1	Q8ZN62
NP_459183.1	Q8ZRR3
NP_463022.1	P06173
NP_459079.1	Q8ZRX1
NP_461836.1	Q8ZMG6
NP_461444.1	Q8ZN61
NP_462872.1	Q9L6L1
NP_463331.1	Q08015
NP_460457.1	Q8ZPJ8
NP_459493.1	Q8ZR95
NP_461500.1	P74881
NP_460798.1	Q8ZNZ7
NP_459785.1	Q8ZQP9
NP_459943.1	Q8ZQD2
NP_459303.1	Q8ZRK0
NP_460870.1	P40729
NP_460700.1	Q8ZP47
NP_463164.1	P30878
NP_463385.1	Q8ZJY8
NP_463406.1	Q8ZJX2
NP_461987.1	Q8ZM67
NP_460962.1	Q05602
NP_460781.1	P0A2K9
NP_459219.1	P23679
NP_461445.1	Q8ZN60
NP_459913.1	Q8ZQE9
NP_460621.1	Q7CQH0
NP_460284.1	H9L460
NP_461084.1	Q8ZNP1
NP_459884.1	Q8ZQH4
NP_462560.1	Q8ZL91
NP_463432.1	Q8ZJV1
NP_460458.1	Q8ZPJ7
NP_459167.1	Q8ZRS5
NP_462489.1	Q8ZLD8
NP_460662.1	Q8ZP53
NP_462416.1	Q8ZLI5
NP_463337.1	Q8ZK29
NP_461275.1	Q8ZND9
NP_462075.1	Q7CPS5
NP_460906.1	Q8ZNT7
NP_463316.1	P36640
NP_460963.1	Q05599
NP_459464.1	P66193
NP_463255.1	Q8ZK80
NP_461356.1	Q8ZN95
NP_462639.1	Q8ZL42
NP_460159.1	P58627
NP_460330.1	Q8ZPQ9
NP_459465.1	P66296
NP_459199.1	O87656
NP_459944.1	Q8ZQD1
NP_459466.1	Q8ZRA9
NP_460964.1	Q05597
NP_463420.1	Q8ZJW1
NP_459008.1	P65226
NP_463100.1	Q8ZKH9
NP_461571.1	Q4AAY5
NP_463355.1	Q8ZK11
NP_461446.1	Q8ZN59
NP_459786.1	Q8ZQP8
NP_459467.1	Q8ZRA8
NP_463338.1	Q8ZK28
NP_460536.1	Q8ZPE1
NP_461969.1	Q8ZM76
NP_460195.1	P0CL49
NP_460178.1	Q8ZQ07
NP_459097.1	Q7CR87
NP_463314.1	Q8ZK40
NP_461278.1	Q8ZND7
NP_459009.1	Q8ZS18
NP_463393.1	Q8ZJY3
NP_463174.1	Q8ZKD3
NP_463339.1	Q8ZK27
NP_463268.1	Q7CP89
NP_459468.1	Q7CR17
NP_462417.1	Q8ZLI4
NP_460105.1	Q8ZQ31
NP_461182.1	Q8ZNI6
NP_461912.1	Q8ZMB5
NP_462721.1	Q8ZKZ8
NP_460965.1	Q05596
NP_459139.1	Q8ZRT9
NP_463161.1	Q8ZKE3
NP_460459.1	Q8ZPJ6
NP_459469.1	Q7CR16
NP_463165.1	Q8ZKE2
NP_461988.1	Q7CPU4
NP_460701.1	P08007
NP_459546.1	Q8ZR64
NP_459885.1	Q8ZQH3
NP_459461.1	Q8ZRB1
NP_463277.1	Q8ZK66
NP_460925.1	P26465
NP_463264.1	P26265
NP_459610.1	Q8ZR15
NP_460614.1	Q8ZP87
NP_463158.1	P36555
NP_461447.1	Q8ZN58
NP_463340.1	Q8ZK26
NP_460966.1	Q05598
NP_461202.1	Q8ZNH6
NP_459630.1	Q8ZR01
NP_459470.1	Q8ZRA7
NP_459562.1	H9L479
NP_459946.1	Q8ZQC9
NP_459010.1	Q8ZS17
NP_459379.1	Q7CR45
NP_460024.1	Q8ZQ81
NP_459156.1	P0CL10
NP_459947.1	Q8ZQC8
NP_460209.1	Q8ZPY9
NP_460967.1	Q05595
NP_463126.1	Q8ZKG6
NP_461449.1	Q8ZN56
NP_461205.1	Q8ZNH4
NP_459868.1	Q8ZQJ0
NP_459304.1	Q8ZRJ9
NP_459011.1	Q8ZS16
NP_459657.1	Q9ZF60
NP_461371.1	P40193
NP_461448.1	Q8ZN57
NP_463347.1	Q8ZK19
NP_461748.1	Q8ZMK6
NP_463341.1	Q8ZK25
NP_460628.1	Q8ZP77
NP_463371.1	Q8ZJZ8
NP_463256.1	Q8ZK79
NP_459646.1	Q8ZQZ1
NP_461837.1	Q7CPW8
NP_459547.1	P37928
NP_459198.1	Q8ZRQ0
NP_462156.1	O06961
NP_463211.1	Q8ZKB2
NP_460969.1	Q05593
NP_459948.1	Q7CQU1
NP_460460.1	Q8ZPJ5
NP_460366.1	Q9R803
NP_463449.1	Q8ZJU1
NP_461838.1	Q8ZMG5
NP_462418.1	Q8ZLI3
NP_462076.1	P18949
NP_460871.1	P40727
NP_460461.2	Q8ZPJ4
NP_460836.1	Q8ZNW9
NP_463342.1	Q8ZK24
NP_460970.1	Q05592
NP_463060.1	Q8ZKL0
NP_463350.1	Q8ZK16
NP_462873.1	Q8ZKV0
NP_462571.1	Q7CPI2
NP_459707.1	Q8ZQV2
NP_460454.1	Q8ZPK1
NP_461989.1	Q8ZM66
NP_459012.1	P66955
NP_459392.1	Q7CR43
NP_460645.1	Q7CQG9
NP_461243.1	O52327
NP_460462.1	Q8ZPJ3
NP_462982.1	Q8ZKN4
NP_462799.1	P0A2Q2
NP_462874.1	Q8ZKU9
NP_459380.1	H9L4B6
NP_463435.1	P24517
NP_461121.1	Q8ZNM2
NP_463023.1	P0A2R4
NP_459462.1	Q7CR18
NP_460971.1	Q05591
NP_459471.1	Q8ZRA6
NP_460534.1	Q8ZPE2
NP_459787.1	Q8ZQP7
NP_459086.1	Q8ZRW6
NP_462649.1	Q8ZL35
NP_460463.1	Q7CQJ7
NP_460122.1	Q8ZQ26
NP_463343.1	Q8ZK23
NP_462875.1	Q7CPD3
NP_461048.1	H9L490
NP_463245.1	Q8ZK89
NP_461227.1	Q8ZNG4
NP_459013.1	Q8ZS15
NP_460972.1	Q05590
NP_460464.1	Q8ZPJ2
NP_462876.1	Q8ZKU8
NP_459763.1	Q8ZQR5
NP_459949.1	Q7CQU0
NP_462914.1	Q8ZKT0
NP_461206.1	Q8ZNH3
NP_460782.1	Q8ZP07
NP_462538.1	P43663
NP_462377.1	Q8ZLK6
NP_459594.1	Q8ZR27
NP_462490.1	Q7CPJ2
NP_463344.1	Q8ZK22
NP_459014.1	Q7CRA2
NP_460218.1	Q8ZPY6
NP_460465.1	Q8ZPJ1
NP_459472.1	Q7CR15
NP_460973.1	Q05631
NP_461100.1	Q7CQ91
NP_462419.1	Q8ZLI2
NP_460143.1	P26477
NP_460367.1	H9L446
NP_462909.1	Q7CPC7
NP_462877.1	P0A2H9
NP_462420.1	Q8ZLI1
NP_459364.1	Q56063
NP_459015.1	Q7CRA1
NP_459950.1	Q8ZQC7
NP_460682.1	P00898
NP_460227.1	Q7CQQ1
NP_459202.1	H9L411
NP_459473.1	Q8ZRA5
NP_461467.1	Q8ZN46
NP_459157.1	Q8ZRT2
NP_461914.1	Q8ZMB3
NP_459338.1	Q8ZRH6
NP_462421.1	Q8ZLI0
NP_459080.1	Q8ZRX0
NP_460432.1	Q8ZPL6
NP_462878.1	Q8ZKU7
NP_463345.1	Q8ZK21
NP_463408.1	Q8ZJX0
NP_460466.1	Q8ZPJ0
NP_460974.1	P0A2G9
NP_461915.1	Q8ZMB2
NP_459115.1	P04787
NP_461636.1	Q8ZMU3
NP_459016.1	Q8ZS14
NP_463113.1	P74861
NP_461916.1	Q8ZMB1
NP_461279.1	P63411
NP_463346.1	Q8ZK20
NP_463257.1	Q8ZK78
NP_462119.1	Q8ZLY4
NP_461744.1	O68838
NP_462422.1	Q8ZLH9
NP_460872.1	P07800
NP_463351.1	Q8ZK15
NP_460975.1	Q05632
NP_462250.1	P67735
NP_461122.1	Q7CQ84
NP_460106.1	Q8ZQ30
NP_462722.1	Q8ZKZ7
NP_459017.1	Q56073
NP_460684.1	P00910
NP_461917.1	Q8ZMB0
NP_461990.1	Q8ZM65
NP_462879.1	Q9F173
NP_459548.1	Q8ZR63
NP_462077.1	P0A1F4
NP_460976.1	P0A2H1
NP_463093.1	P26467
NP_459951.1	Q8ZQC6
NP_460286.1	Q8ZPT9
NP_461183.1	Q8ZNI5
NP_461950.1	Q8ZM86
NP_459133.1	Q8ZRU3
NP_459708.1	Q8ZQV1
NP_463295.1	Q8ZK49
NP_461918.1	Q8ZMA9
NP_463127.1	Q8ZKG5
NP_459631.1	Q7CQZ3
NP_460702.1	P04285
NP_460977.1	Q05628
NP_459705.1	Q8ZQV3
NP_461855.1	Q8ZMF5
NP_459081.1	P64095
NP_461358.1	Q8ZN93
NP_462133.1	Q8ZLX6
NP_459952.1	P55900
NP_463409.1	Q8ZJW9
NP_463131.1	P0A2R0
NP_461919.1	P60959
NP_461761.1	Q8ZMJ7
NP_460468.1	Q8ZPI8
NP_461072.1	Q8ZNQ2
NP_459788.1	Q8ZQP6
NP_462423.1	Q8ZLH8
NP_461214.1	P37411
NP_460547.1	Q7CQI6
NP_463348.1	Q8ZK18
NP_463452.1	Q8ZJT8
NP_462312.1	Q8ZLM5
NP_460131.1	P58525
NP_459474.1	Q8ZRA4
NP_460978.1	Q05601
NP_459018.1	P0A1G7
NP_459969.1	Q935S7
NP_459214.1	P26982
NP_459953.1	P07637
NP_463096.1	P26466
NP_459673.1	Q8ZQX4
NP_462157.1	Q8ZLW1
NP_461920.1	P37178
NP_459940.1	Q8ZQD3
NP_460979.1	Q05600
NP_463101.1	Q7CPB3
NP_459381.1	Q8ZRF0
NP_462955.1	Q8ZKQ4
NP_459475.1	Q7CR14
NP_462642.1	Q8ZL41
NP_460469.1	Q7CQJ6
NP_461010.1	P37600
NP_459476.1	Q8ZRA3
NP_462424.1	Q8ZLH7
NP_459840.1	Q8ZQL1
NP_459709.1	Q8ZQV0
NP_462881.1	P64068
NP_459019.1	Q8ZS13
NP_460369.1	H9L407
NP_460470.1	Q7CQJ5
NP_460886.1	P0CL50
NP_460980.1	P29946
NP_461049.1	P26341
NP_459789.1	Q8ZQP5
NP_460946.1	Q8ZNS7
NP_461839.1	Q8ZMG4
NP_459477.1	Q7CR13
NP_459954.1	Q8ZQC5
NP_461991.1	Q8ZM64
NP_459076.1	Q8ZRX4
NP_460573.1	Q8ZPB9
NP_460615.1	Q9EYX5
NP_463363.1	Q8ZK04
NP_462882.1	Q7CPD1
NP_460471.1	P69936
NP_459306.1	Q8ZRJ8
NP_460157.1	Q8ZQ16
NP_460194.1	Q56061
NP_459478.1	Q8ZRA2
NP_459020.1	Q8ZS12
NP_462883.1	P0A2N8
NP_460565.1	Q8ZPC5
NP_461409.1	Q8ZN82
NP_459168.1	P58718
NP_461392.1	P19265
NP_461359.1	Q8ZN92
NP_462561.1	Q8ZL90
NP_461149.1	Q8ZNK5
NP_461984.1	Q7CPU6
NP_459955.1	Q8ZQC4
NP_462425.1	Q8ZLH6
NP_461921.1	P65554
NP_459021.1	Q8ZS11
NP_462491.1	P67686
NP_462322.1	Q8ZLM1
NP_463250.1	Q8ZK84
NP_462591.1	Q8ZL64
NP_459479.1	P74876
NP_460472.1	P27236
NP_460107.1	Q7CQR9
NP_462884.1	P0A1E1
NP_463349.1	Q8ZK17
NP_459413.1	Q8ZRD3
NP_459022.1	Q8ZS10
NP_460981.1	Q05587
NP_462426.1	Q8ZLH5
NP_459446.1	Q8ZRB9
NP_459956.1	Q7CQT9
NP_460438.1	Q8ZPL1
NP_463102.1	P0A273
NP_460874.1	P04042
NP_461922.1	Q8ZMA8
NP_460611.1	P67091
NP_462078.1	Q8ZM08
NP_459023.1	Q8ZS09
NP_461123.1	Q8ZNM1
NP_462957.1	Q8ZKQ2
NP_462427.1	P64251
NP_463421.1	Q8ZJW0
NP_460982.1	P37451
NP_461834.1	Q8ZMG8
NP_459941.1	Q7CQU3
NP_462126.2	P0A2E3
NP_462885.1	P41789
NP_459480.1	P0A8B8
NP_463410.1	Q8ZJW8
NP_461923.1	Q7CPV6
NP_460025.1	Q8ZQ80
NP_460197.1	P26311
NP_462428.1	Q8ZLH4
NP_461485.1	P0A1Y2
NP_461165.1	Q8ZNJ7
NP_459481.1	P65992
NP_460703.1	P08006
NP_459957.1	P64394
NP_461729.1	Q8ZML3
NP_461797.1	P43015
NP_463280.1	Q8ZK63
NP_460473.1	Q7CQJ4
NP_461924.1	Q8ZMA7
NP_460474.1	Q8ZPI7
NP_460698.1	P63798
NP_459958.1	Q8ZQC3
NP_459482.2	P58480
NP_460950.1	Q8ZNS6
NP_460983.1	P0A1C7
NP_461280.1	Q8ZND6
NP_462917.1	Q8ZKS8
NP_461925.1	Q8ZMA6
NP_460036.1	Q8ZQ72
NP_459024.1	Q8ZS08
NP_462886.1	P0A2D9
NP_461207.1	P37462
NP_462429.1	Q8ZLH3
NP_461992.1	Q8ZM63
NP_460370.1	H9L486
NP_461749.1	Q8ZMK5
NP_461450.1	Q8ZN55
NP_460475.1	Q8ZPI6
NP_460922.1	P15928
NP_459231.1	P0A1X4
NP_463305.1	Q8ZK45
NP_460348.1	Q9Z4S6
NP_459082.1	Q8ZRW9
NP_459871.1	Q8ZQI7
NP_459790.1	Q8ZQP4
NP_460985.1	P37450
NP_459550.1	Q8ZR61
NP_462430.1	Q8ZLH2
NP_461926.1	Q8ZMA5
NP_459930.1	Q8ZQD8
NP_460301.1	P0A7Q3
NP_460574.1	Q8ZPB8
NP_463166.1	Q8ZKE1
NP_462887.1	P0A1P6
NP_459255.1	Q8ZRM5
NP_460428.1	P25081
NP_460476.1	Q8ZPI5
NP_462492.1	Q8ZLD7
NP_462562.1	Q8ZL89
NP_462674.1	Q8ZL24
NP_461144.1	Q8ZNL0
NP_461934.1	Q8ZM99
NP_460845.1	Q8ZNW0
NP_463103.1	Q8ZKH8
NP_459483.1	P0A1V4
NP_460616.1	Q8ZP86
NP_459959.1	P63359
NP_459632.1	Q8ZR00
NP_459674.1	P0A2G3
NP_461927.1	Q8ZMA4
NP_462431.1	Q8ZLH1
NP_462079.1	Q8ZM07
NP_460986.1	O31041
NP_460402.1	Q8ZPN5
NP_459307.1	Q8ZRJ7
NP_461515.1	Q56057
NP_459484.1	P37408
NP_460108.1	Q7CQR8
NP_462723.1	Q8ZKZ6
NP_460477.1	Q56072
NP_462158.1	P11954
NP_463146.1	Q8ZKF1
NP_463352.1	Q8ZK14
NP_461869.1	P38039
NP_462889.1	H9L427
NP_461502.1	Q8ZN28
NP_460987.1	O31042
NP_463186.1	Q8ZKC4
NP_459025.1	Q8ZS07
NP_462241.1	Q8ZLR3
NP_463177.1	Q8ZKD1
NP_463217.1	Q8ZKA7
NP_463353.1	Q8ZK13
NP_459485.1	Q8ZRA1
NP_459960.1	Q8ZQC2
NP_460704.1	P08005
NP_460198.1	Q8ZPZ8
NP_459541.1	P37924
NP_460988.1	O31043
NP_460478.1	P0A214
NP_459383.1	P63603
NP_461208.1	P26189
NP_460479.3	P0A2S4
NP_461750.1	P65977
NP_460026.1	Q8ZQ79
NP_463193.1	P0A1D5
NP_463220.1	P14161
NP_460788.1	Q8ZP02
NP_459026.1	H9L412
NP_460612.1	Q7CQH2
NP_459961.1	Q8ZQC1
NP_460480.1	P0A2T4
NP_459037.1	Q8ZRZ9
NP_459486.1	Q8ZRA0
NP_463354.1	Q8ZK12
NP_463271.1	Q8ZK70
NP_462643.1	Q8ZL40
NP_462890.1	Q8ZKU5
NP_461928.1	P0CL11
NP_460875.1	P07801
NP_460625.1	Q8ZP80
NP_459027.1	H9L483
NP_460109.1	O54290
NP_461030.1	P26403
NP_462432.1	Q8ZLH0
NP_463259.1	Q8ZK77
NP_460481.1	P0A2L5
NP_460989.1	Q8ZNR6
NP_463296.1	Q8ZK48
NP_459110.1	Q8ZRV3
NP_462891.1	Q8ZKU4
NP_459028.1	Q8ZS06
NP_460990.1	H9L478
NP_461929.1	Q8ZMA3
NP_459817.1	Q8ZQM8
NP_462794.1	P0A1A5
NP_460420.1	Q8ZPM2
NP_459487.1	Q8ZR99
NP_459963.1	Q8ZQC0
NP_460482.1	P58531
NP_461124.1	Q7CQ83
NP_461451.1	H9L465
NP_460179.1	Q8ZQ06
NP_462956.1	Q8ZKQ3
NP_463411.1	Q8ZJW7
NP_462411.1	Q8ZLJ0
NP_461000.1	P0A1D1
NP_461101.1	Q8ZNN3
NP_460372.1	H9L480
NP_463332.1	P0A1V0
NP_459587.1	Q8ZR33
NP_462892.1	Q8ZKU3
NP_460992.1	Q9XDN5
NP_459695.1	Q7CQY0
NP_463246.1	Q8ZK88
NP_461930.1	Q8ZMA2
NP_460537.1	Q8ZPE0
NP_462493.1	Q8ZLD6
NP_462948.1	Q8ZKR1
NP_462433.1	Q8ZLG9
NP_459964.1	Q8ZQB9
NP_461452.1	H9L456
NP_460397.1	P66684
NP_460993.1	Q9XDN4
NP_461634.1	Q8ZMU5
NP_460483.1	Q8ZPI4
NP_459931.1	P67613
NP_459791.1	Q8ZQP3
NP_460597.1	Q8ZP98
NP_460288.1	Q8ZPT7
NP_460373.1	H9L496
NP_460994.1	Q9XDN3
NP_459488.1	Q8ZR98
NP_459965.1	Q8ZQB8
NP_462434.1	Q8ZLG8
NP_460995.1	Q8ZNR5
NP_460663.1	Q7CQG7
NP_461422.1	P65889
NP_460484.1	Q8ZPI3
NP_461931.1	Q7CPV5
NP_462923.1	Q8ZKS3
NP_459029.1	Q8ZS05
NP_462644.1	Q8ZL39
NP_462563.1	Q8ZL88
NP_462159.1	Q8ZLW0
NP_460705.2	P06202
NP_463167.1	Q8ZKE0
NP_462725.1	Q8ZKZ4
NP_463209.1	P0A2N4
NP_462435.1	Q8ZLG7
NP_459966.1	Q7CQT6
NP_460144.1	P40131
NP_463227.1	P65882
NP_460996.1	Q9XDN1
NP_461932.1	Q8ZMA1
NP_459551.1	Q8ZR60
NP_459489.1	P06196
NP_463289.1	Q8ZK55
NP_459030.1	H9L408
NP_462680.1	Q8ZL20
NP_459233.1	P32200
NP_460374.1	P74852
NP_459908.1	Q8ZQF3
NP_461453.1	Q8ZN54
NP_462895.1	Q8ZKU0
NP_459967.1	Q8ZQB7
NP_460485.1	Q8ZPI2
NP_461209.1	P41780
NP_459031.1	H9L4A8
NP_459084.1	Q8ZRW7
NP_462436.1	P05416
NP_461771.1	Q8ZMI9
NP_461454.1	Q9XCI8
NP_461933.1	Q8ZMA0
NP_461842.1	Q8ZMG1
NP_459584.1	Q7CQZ9
NP_459633.1	P67520
NP_463412.1	Q8ZJW6
NP_461281.1	Q7CQ45
NP_460364.1	H9L426
NP_461751.1	Q8ZMK4
NP_460997.1	Q9XDN0
NP_459032.1	Q8ZS04
NP_460388.1	Q8ZPP2
NP_462080.1	Q8ZM06
NP_459593.1	Q7CQZ8
NP_462896.1	Q9L7R3
NP_460486.1	Q8ZPI1
NP_462007.1	Q7CPT9
NP_461625.1	Q8ZMV3
NP_459968.1	Q8ZQB6
NP_459490.1	P37174
NP_460167.1	Q8ZQ14
NP_463105.1	Q7CPB2
NP_461503.1	Q7CQ08
NP_459033.1	Q8ZS03
NP_459385.1	Q8ZRE8
NP_460487.1	Q8ZPI0
NP_461499.1	Q8ZN30
NP_462897.1	Q9L7R4
NP_460617.1	Q8ZP85
NP_463260.1	Q8ZK76
NP_463024.1	Q9L9J6
NP_461455.1	H9L451
NP_460110.1	P0A204
NP_459491.1	Q8ZR97
NP_459919.1	Q8ZQE4
NP_461362.1	Q8ZN89
NP_461676.1	Q8ZMQ5
NP_463356.1	Q8ZK10
NP_463236.1	Q8ZK96
NP_463106.1	Q8ZKH6
NP_460488.1	Q8ZPH9
NP_460876.1	P02941
NP_462470.1	Q8ZLF0
NP_459034.1	Q8ZS02
NP_461051.1	Q8ZNR1
NP_459492.1	Q8ZR96
NP_461935.1	Q8ZM98
NP_463357.1	Q8ZK09
NP_463168.1	Q8ZKD9
NP_462437.1	P05415
NP_461456.1	Q7CQ15
NP_462898.1	Q9L7R5
NP_460999.1	Q9XDM8
NP_459634.1	Q7CQZ2
NP_462128.1	Q8ZLY1
NP_461061.1	Q9F7B1
NP_459035.1	Q8ZS01
NP_461012.1	Q8ZNR2
NP_461457.1	O52765
NP_460490.1	Q8ZPH7
NP_462327.1	P0A7W4
NP_460375.1	Q8ZPP3
NP_463025.1	Q9L9J5
NP_462053.1	Q8ZM22
NP_461001.1	Q9XDM6
NP_461936.1	Q8ZM97
NP_463008.1	P22038
NP_463132.1	Q8ZKG3
NP_463358.2	Q8ZK08
NP_460638.1	Q8ZP67
NP_459922.1	Q8ZQE3
NP_462778.1	Q8ZKW2
NP_460629.1	Q8ZP76
NP_462438.1	Q8ZLG6
NP_461002.1	P74879
NP_459036.1	Q8ZS00
NP_463212.1	Q8ZKB1
NP_462899.1	Q8ZKT9
NP_461677.1	Q8ZMQ4
NP_459308.1	P63223
NP_462958.1	Q8ZKQ1
NP_460538.1	Q8ZPD9
NP_460491.1	Q8ZPH6
NP_461458.1	P58671
NP_459793.1	Q8ZQP2
NP_460027.1	Q8ZQ78
NP_461125.1	Q7CQ82
NP_459552.1	Q7CR05
NP_460492.1	Q8ZPH5
NP_460111.1	P0A202
NP_460785.1	Q8ZP04
NP_461937.1	Q8ZM96
NP_463437.1	Q8ZJU9
NP_462500.1	Q8ZLD2
NP_460656.1	Q8ZP57
NP_463359.1	Q8ZK07
NP_459932.1	Q8ZQD7
NP_461843.1	Q8ZMG0
NP_461003.1	Q9XDM4
NP_463261.1	Q8ZK75
NP_462494.1	Q9X6G2
NP_462242.1	Q8ZLR2
NP_461504.1	Q8ZN27
NP_462251.1	Q7CPN4
NP_460426.1	Q8ZPL9
NP_459711.1	Q8ZQU8
NP_462931.1	P27135
NP_461260.1	Q8ZNE2
NP_461993.1	Q7CPU3
NP_460493.1	Q8ZPH4
NP_461459.1	Q8ZN53
NP_462439.1	Q8ZLG5
NP_460708.1	Q8ZP45
NP_461134.1	P23924
NP_461938.1	Q7CPV4
NP_459494.1	Q93CH6
NP_460199.1	Q8ZPZ7
NP_461126.1	P60636
NP_459970.1	Q8ZQB5
NP_461746.1	Q7CPY7
NP_461004.1	P67605
NP_461591.1	Q7CQ01
NP_460290.1	Q7CQN8
NP_459495.1	Q7CR12
NP_460376.1	P74853
NP_460679.1	Q7CQG1
NP_463169.1	Q8ZKD8
NP_459635.1	P39701
NP_461939.1	Q8ZM95
NP_463360.1	Q7CP77
NP_463061.1	Q8ZKK9
NP_459194.1	Q8ZRQ4
NP_461005.1	Q8ZNR4
NP_460494.1	Q7CQJ3
NP_459387.1	P65973
NP_459038.1	Q7CR96
NP_459496.1	Q8ZR94
NP_460618.1	P0A2U0
NP_461460.1	Q8ZN52
NP_462901.1	Q8ZKT7
NP_460727.1	Q8ZP32
NP_463386.1	Q8ZJY7
NP_461210.1	P0A263
NP_461795.1	P41783
NP_459779.1	P58586
NP_460495.1	Q8ZPH3
NP_461752.1	Q7CPY6
NP_459580.1	Q8ZR37
NP_462154.1	Q8ZLW3
NP_462968.1	Q8ZKP2
NP_463361.1	Q8ZK06
NP_462599.1	P29847
NP_460496.1	Q8ZPH2
NP_459769.1	Q8ZQQ9
NP_460887.1	Q8ZNU7
NP_461940.1	Q7CPV3
NP_459847.1	Q8ZQK4
NP_459085.1	Q7CR89
NP_462564.1	Q8ZL87
NP_459497.1	Q8ZR93
NP_461006.1	P0A212
NP_461587.1	Q7CQ03
NP_463413.1	Q8ZJW5
NP_463107.1	Q8ZKH5
NP_462329.1	P66313
NP_461474.1	Q8ZN42
NP_461046.1	H9L433
NP_460497.1	Q8ZPH1
NP_461102.1	Q8XEY4
NP_463124.1	Q8ZKG7
NP_461941.1	Q8ZM94
NP_462902.1	Q9L7R9
NP_459217.1	Q8ZRP5
NP_459971.1	Q8ZQB4
NP_459396.1	Q8ZRE0
NP_461461.1	P65534
NP_462440.1	P0A1F8
NP_461506.1	Q8ZN25
NP_463367.1	Q8ZK00
NP_461007.1	P37604
NP_459039.1	Q8ZRZ8
NP_459498.1	Q8XEU4
NP_463362.1	Q8ZK05
NP_460786.1	Q8ZP03
NP_461462.1	Q8ZN51
NP_460498.1	Q8ZPH0
NP_459972.1	Q8ZQB3
NP_459644.1	Q8ZQZ3
NP_460028.1	Q8ZQ77
NP_461127.1	Q7CQ80
NP_462903.1	Q9L7S0
NP_463026.1	Q9L9J3
NP_461505.1	Q8ZN26
NP_461942.1	Q8ZM93
NP_459499.1	Q8ZR92
NP_461994.1	P60656
NP_461282.1	Q8ZND5
NP_460291.1	Q8ZPT6
NP_459159.1	Q8ZRT0
NP_459973.1	P58661
NP_459066.1	Q8ZRY1
NP_463009.1	P37409
NP_462959.1	Q8ZKQ0
NP_459040.1	Q8ZRZ7
NP_462442.1	Q8ZLG3
NP_461008.1	P37602
NP_460228.1	Q8ZPY1
NP_460200.1	P0DM80
NP_459309.1	Q8ZRJ6
NP_462243.1	Q8ZLR1
NP_461116.1	Q8ZNM5
NP_462239.1	Q7CPN5
NP_459867.1	Q7CQV0
NP_459500.1	Q7CR11
NP_462495.1	P27237
NP_460539.1	Q8ZPD8
NP_462645.1	Q8ZL38
NP_460619.2	P0A2T8
NP_461464.1	Q8ZN49
NP_461943.1	Q8ZM92
NP_461009.1	P0A1I1
NP_460499.1	Q8ZPG9
NP_463364.1	Q8ZK03
NP_460113.1	O54294
NP_462021.1	Q8ZM43
NP_459974.1	P37432
NP_461844.1	Q7CPW7
NP_461184.1	P0CE12
NP_463365.1	Q8ZK02
NP_462038.1	Q8ZM33
NP_462905.1	Q8ZKT6
NP_463137.1	Q8ZKF9
NP_462443.1	Q7CPK4
NP_459636.1	P97084
NP_459553.1	Q8ZR59
NP_461465.1	Q8ZN48
NP_462187.1	Q7CPQ2
NP_459501.1	Q8ZR91
NP_463414.1	Q8ZJW4
NP_460377.1	P74854
NP_462760.1	Q8ZKX1
NP_459041.1	Q8ZRZ6
NP_462726.1	Q8ZKZ3
NP_460357.1	Q8ZPP5
NP_463372.1	Q7CP74
NP_463376.1	Q7CP73
NP_461944.1	Q8ZM91
NP_463194.1	P0A1D3
NP_462444.1	Q7CPK3
NP_462994.1	Q8ZKM4
NP_460407.2	P40676
NP_459502.1	Q7CR10
NP_460877.1	P06110
NP_462347.1	O68926
NP_460162.1	P0A259
NP_463366.1	Q8ZK01
NP_460500.1	Q8ZPG8
NP_462906.1	Q7CPC8
NP_460955.1	Q8ZNS1
NP_460029.1	H9L447
NP_463401.1	Q7CP69
NP_461945.1	Q8ZM90
NP_463144.1	Q8ZKF3
NP_459503.1	Q8ZR90
NP_459740.1	Q8ZQT2
NP_459975.1	P58696
NP_459042.1	Q8ZRZ5
NP_461228.1	Q8ZNG3
NP_463438.2	P39434
NP_462907.1	Q8ZKT5
NP_462445.1	Q7CPK2
NP_463262.1	Q8ZK74
NP_461845.1	P0DM81
NP_460501.1	Q7CQJ2
NP_461833.1	Q8ZMG9
NP_462908.1	P58533
NP_461128.1	Q8ZNM0
NP_459433.1	Q8ZRC6
NP_460292.1	Q8ZPT5
NP_461466.1	Q8ZN47
NP_462446.1	Q8ZLG2
NP_461053.1	Q8XGS8
NP_463315.1	P36674
NP_459310.1	Q7CR54
NP_459043.1	Q8ZRZ4
NP_461379.1	P41031
NP_461011.1	Q8ZNR3
NP_460502.1	Q8ZPG7
NP_461650.1	Q8ZMT0
NP_459976.1	Q8ZQB2
NP_462796.1	P20506
NP_459388.1	Q8ZRE5
NP_462960.2	Q8ZKP9
NP_460787.1	Q7CQD8
NP_459087.1	Q7CR88
NP_459351.1	Q8ZRG4
NP_460878.1	P09384
NP_459977.1	P40817
NP_462313.1	P0A2J9
NP_459794.1	Q7CQW4
NP_460853.1	Q8ZNV5
NP_459504.1	Q9S4Z2
NP_460503.1	Q8ZPG6
NP_461881.1	Q8ZMD9
NP_462447.1	Q8ZLG1
NP_463440.1	P39432
NP_462398.1	P0CL13
NP_462836.1	Q05311
NP_460540.1	P40788
NP_462911.1	Q8ZKT3
NP_463369.1	Q8ZJZ9
NP_462252.1	Q8ZLQ5
NP_459169.1	Q7CR73
NP_462646.1	Q8ZL37
NP_460030.1	H9L448
NP_461119.1	Q8ZNM4
NP_460620.1	Q8ZP84
NP_462160.1	Q8ZLV9
NP_461393.1	P19264
NP_462912.1	Q8ZKT2
NP_461363.1	P0A2N6
NP_460365.1	O84947
NP_459044.1	Q8ZRZ3
NP_463370.1	Q7CP75
NP_463299.1	Q7CP84
NP_460778.1	Q8ZP08
NP_461753.1	Q8ZMK3
NP_461947.1	Q8ZM88
NP_459978.1	Q8ZQB1
NP_462217.1	P65454
NP_461283.1	Q8ZND4
NP_459505.1	Q9S4Z1
NP_463108.1	Q8ZKH4
NP_460504.1	Q8ZPG5
NP_460837.1	Q8ZNW8
NP_462244.1	Q8ZLR0
NP_462290.1	Q7CPM0
NP_459355.1	Q8ZRG3
NP_460114.1	P0A1E8
NP_460378.1	P74855
NP_463422.1	Q8ZJV9
NP_461948.1	Q8ZM87
NP_459713.1	P0CL05
NP_459045.1	Q7CR95
NP_462916.1	Q8ZKS9
NP_462961.1	Q8ZKP8
NP_462449.1	Q8ZLF9
NP_459506.1	Q8ZR89
NP_459555.1	Q8ZR57
NP_463028.1	Q9S498
NP_459160.1	Q7CR75
NP_463416.1	Q56121
NP_459696.1	P67270
NP_463333.1	Q08021
NP_461233.1	Q8ZNF9
NP_461700.1	Q8ZMN4
NP_461600.1	P0A1B5
NP_461486.1	Q8ZN38
NP_459637.1	Q8ZQZ8
NP_459914.1	Q8ZQE8
NP_459979.1	P22253
NP_461330.1	Q8ZNA7
NP_459046.1	Q8ZRZ2
NP_462450.1	Q8ZLF8
NP_461680.1	Q8ZMQ1
NP_460505.1	Q8ZPG4
NP_462819.1	P37457
NP_461355.1	Q8ZN96
NP_463263.1	Q7CP90
NP_461013.1	Q7CQB1
NP_463247.1	Q8ZK87
NP_462381.1	P25927
NP_461754.1	Q8ZMK2
NP_459507.1	Q7CR09
NP_459346.1	Q8ZRG9
NP_462915.1	Q7CPC6
NP_459389.1	Q8ZRE4
NP_459318.1	P65792
NP_462742.1	Q8ZKY4
NP_461211.1	Q8ZNH2
NP_459795.1	Q8ZQP1
NP_459420.1	P55913
NP_462451.1	Q7CPK1
NP_459508.1	Q8ZR88
NP_460379.1	P74856
NP_463148.1	Q8ZKE9
NP_459980.1	Q8ZQB0
NP_461054.1	H9L499
NP_461951.1	Q7CPV2
NP_460506.1	Q8ZPG3
NP_460541.1	Q00267
NP_462022.1	Q7CPT7
NP_463297.1	Q8ZK47
NP_459311.1	P63989
NP_460417.1	P65540
NP_460548.1	Q8ZPD4
NP_461014.1	Q7CQB0
NP_459047.1	Q8ZRZ1
NP_462452.1	Q8ZLF7
NP_462565.1	Q8ZL86
NP_460115.1	P0A1E5
NP_459509.1	Q9S4Y7
NP_459680.1	Q7CQY2
NP_463374.1	Q8ZJZ6
NP_461953.1	Q8ZM84
NP_463269.1	Q8ZK71
NP_462394.1	Q8ZLJ9
NP_462083.1	Q8ZM03
NP_459714.1	Q8ZQU5
NP_459981.1	Q1G0L5
NP_459161.1	Q7CR74
NP_460181.1	Q8ZQ05
NP_460427.1	Q8ZPL8
NP_463175.1	Q8ZKD2
NP_461798.1	P0CL15
NP_461015.1	Q7CQA9
NP_460927.1	P26416
NP_460507.1	Q8ZPG2
NP_459818.1	Q8ZQM7
NP_459982.1	Q8XFJ8
NP_462962.1	Q8ZKP7
NP_461468.1	Q8ZN45
NP_459638.1	Q7CQZ1
NP_459510.1	Q8ZR87
NP_461985.1	P65702
NP_459415.1	Q7CR35
NP_459089.1	Q8ZRW4
NP_461954.1	Q8ZM83
NP_460947.1	P0CL01
NP_460293.1	Q8ZPT4
NP_463129.1	Q8ZKG4
NP_463375.1	Q8ZJZ5
NP_459886.1	Q8ZQH2
NP_459395.1	P37460
NP_462453.1	Q8ZLF6
NP_459048.1	P0A2B1
NP_463109.1	Q7CPB1
NP_459511.1	Q8ZR86
NP_461469.1	Q8ZN44
NP_461016.1	P00499
NP_462454.1	Q8ZLF5
NP_460202.1	Q8ZPZ6
NP_459049.1	Q7CR94
NP_459556.1	Q8ZR56
NP_461996.1	Q8ZM61
NP_461955.1	Q8ZM82
NP_459050.1	Q7CR93
NP_460031.1	Q8ZQ76
NP_461846.1	P40827
NP_461364.1	P12673
NP_460509.1	Q8ZPG0
NP_459512.1	Q8ZR85
NP_462161.1	Q8ZLV8
NP_461507.1	Q8ZN24
NP_460116.1	P0A1Z8
NP_461017.1	P10370
NP_462455.1	Q8ZLF4
NP_459111.1	Q8ZRV2
NP_461956.1	P28354
NP_461129.1	Q8ZNL9
NP_462918.1	Q8ZKS7
NP_460510.1	Q8ZPF9
NP_459051.1	Q8ZRZ0
NP_463150.1	Q8ZKE7
NP_463114.1	P58683
NP_459595.1	Q8ZR26
NP_460789.1	Q8ZP01
NP_460511.1	Q8ZPF8
NP_459236.1	P14567
NP_461073.1	Q8ZNQ1
NP_461130.1	Q7CQ79
NP_462456.1	Q8ZLF3
NP_461471.1	Q9RF52
NP_461018.1	P10369
NP_462919.1	Q8ZKS6
NP_462501.1	Q8ZLD1
NP_460622.1	Q8ZP83
NP_461856.1	P65672
NP_462647.1	Q7CPH2
NP_460512.1	Q8ZPF7
NP_459513.1	Q8ZR84
NP_460582.1	Q8ZPB2
NP_462245.1	Q8ZLQ9
NP_463377.1	Q8ZJZ4
NP_462072.1	Q8ZM09
NP_463205.1	P67638
NP_462457.1	Q8ZLF2
NP_460354.1	H9L4B1
NP_462088.1	P0A257
NP_460117.1	P0A1T0
NP_460664.1	P37723
NP_459985.1	Q8ZQA8
NP_463110.1	P40783
NP_459126.1	Q7CR84
NP_461055.1	H9L4A1
NP_461019.1	P10368
NP_461365.1	P0A1E3
NP_459514.1	Q8ZR83
NP_463378.1	Q8ZJZ3
NP_461592.1	Q8ZMW9
NP_461410.1	Q7CQ26
NP_463228.1	Q8ZKA3
NP_463033.1	Q9L9I7
NP_462920.1	Q8ZKS5
NP_463434.1	Q7CP65
NP_461086.1	Q7CQ96
NP_461472.1	Q7CQ14
NP_461958.1	P28355
NP_462458.1	Q7CPK0
NP_461473.1	Q7CQ13
NP_459859.1	Q8ZQJ5
NP_461756.1	Q8ZMK0
NP_463384.1	P40813
NP_461712.1	Q9FA46
NP_459390.1	Q8ZRE3
NP_463248.1	Q8ZK86
NP_459052.1	Q8ZRY9
NP_459515.1	Q8ZR82
NP_459336.1	Q8ZRH8
NP_461020.2	P0A1R4
NP_460691.1	Q8ZP50
NP_459639.1	Q8ZQZ7
NP_463097.1	P26478
NP_459053.1	Q7CR92
NP_463379.1	Q8ZJZ2
NP_463380.1	Q8ZJZ1
NP_462921.1	Q8ZKS4
NP_461021.1	P10372
NP_462002.1	P60659
NP_460542.1	Q8ZPD7
NP_460513.1	Q8ZPF6
NP_463029.1	Q9L9J1
NP_463381.1	Q8ZJZ0
NP_463081.1	Q8ZKI9
NP_462922.1	Q7CPC5
NP_462459.1	Q8ZLF1
NP_459352.1	P40814
NP_459054.1	P58679
NP_461959.1	P55890
NP_460879.1	P55892
NP_459516.1	Q8ZR81
NP_461847.1	Q8ZMF9
NP_460563.1	Q8ZPC7
NP_461022.1	P0A1R2
NP_459517.1	Q8ZR80
NP_462460.1	P40819
NP_460268.1	P0A1A9
NP_462162.1	Q7CPQ8
NP_463382.1	Q8ZJY9
NP_460790.1	Q8ZP00
NP_461166.1	P65840
NP_462461.1	P0A191
NP_461475.1	Q8ZN41
NP_461593.1	P65836
NP_463281.1	Q8ZK62
NP_461997.1	Q8ZM60
NP_459215.1	Q8ZRP6
NP_461960.1	P0A2P6
NP_459112.1	Q8ZRV1
NP_459055.1	Q8ZRY8
NP_460294.1	Q8ZPT3
NP_461131.1	Q8ZNL8
NP_463163.1	P30877
NP_463383.1	P06187
NP_461023.1	P10367
NP_462586.1	Q8ZL67
NP_462924.1	Q7CPC4
NP_463242.1	Q7CP93
NP_462115.1	Q7CPR9
NP_459689.1	Q8ZQW3
NP_460514.1	Q8ZPF5
NP_461476.1	Q7CQ12
NP_462462.1	P0A193
NP_460680.1	O54453
NP_460649.1	Q8ZP59
NP_463030.1	Q9L9J0
NP_462925.1	Q8ZKS2
NP_463192.1	Q8ZKC0
NP_460657.1	Q8ZP56
NP_460118.1	P67341
NP_461024.1	Q04866
NP_463402.1	Q8ZJX5
NP_459518.1	Q7CR08
NP_462567.1	Q8ZL84
NP_461477.1	Q7CQ11
NP_461961.1	P0A1N6
NP_462338.1	P0A7V6
NP_463251.1	Q8ZK83
NP_461478.1	Q8ZN40
NP_462463.1	P30296
NP_459056.1	Q8ZRY7
NP_460125.1	Q8ZQ25
NP_461962.1	Q8ZM81
NP_461056.1	H9L470
NP_460515.1	Q8ZPF4
NP_459796.1	Q8ZQP0
NP_463031.1	Q9L9I9
NP_461963.1	Q7CPV1
NP_462926.1	Q8ZKS1
NP_461025.1	Q04873
NP_459289.1	Q8ZRL0
NP_459662.1	Q9RCI2
NP_461757.1	Q7CPY5
NP_459519.1	Q8ZR79
NP_459057.1	Q8ZRY6
NP_461964.1	Q8ZM80
NP_459640.1	Q8ZQZ6
NP_462464.1	P0A2J1
NP_462246.1	Q8ZLQ8
NP_459995.1	Q8ZQA6
NP_461479.1	Q7CQ10
NP_462998.1	Q7CPC0
NP_463417.1	Q7CP68
NP_463178.1	Q8ZKD0
NP_462927.1	P27031
NP_459058.1	Q8ZRY5
NP_462369.1	P0A2T6
NP_460516.1	Q8ZPF3
NP_461762.1	Q8ZMJ6
NP_459557.1	Q7CR04
NP_461286.1	Q8ZND2
NP_459996.1	Q8ZQA5
NP_461026.1	P14062
NP_461480.1	P66974
NP_461508.1	Q8ZN23
NP_462047.1	Q8ZM25
NP_459675.1	P37463
NP_461965.1	Q7CPV0
NP_460623.1	Q8ZP82
NP_462727.1	Q8ZKZ2
NP_460054.1	Q8ZQ64
NP_462465.1	P0A1W6
NP_461998.1	Q8ZM59
NP_459520.1	Q8ZR78
NP_459558.1	Q8ZR55
NP_463111.1	P0A1Q4
NP_459997.1	Q8ZQA4
NP_461245.1	Q8ZNF0
NP_460791.1	Q8ZNZ9
NP_461966.1	Q8ZM79
NP_462928.1	P27030
NP_461481.1	P58537
NP_460517.1	Q8ZPF2
NP_461057.1	H9L488
NP_459059.1	Q8ZRY4
NP_461967.1	Q8ZM78
NP_459521.1	Q7CR07
NP_459998.1	Q8ZQA3
NP_461027.1	P26406
NP_460774.1	P63521
NP_459456.1	Q8ZRB4
NP_462466.1	Q7CPJ9
NP_461509.1	Q8ZN22
NP_461482.1	Q8ZN39
NP_460380.1	P74857
NP_460296.1	Q8ZPT1
NP_459690.1	Q8ZQW2
NP_463265.1	P26264
NP_462515.1	P50334
NP_462467.1	Q7CPJ8
NP_462497.1	Q7CPJ1
NP_463171.1	Q8ZKD6
NP_459522.1	Q8ZR77
NP_462468.1	P17215
NP_463328.1	Q8ZK32
NP_460000.1	Q8ZQA2
NP_462929.1	P0A2S9
NP_463187.1	Q8ZKC3
NP_463032.1	Q9L9I8
NP_462163.1	Q8ZLV7
NP_460949.1	P22493
NP_462800.1	P05989
NP_459060.1	Q03030
NP_461483.1	P26474
NP_461968.1	Q8ZM77
NP_459820.1	Q8ZQM6
NP_461287.1	Q8ZND1
NP_461028.1	P26405
NP_462965.1	Q8ZKP5
NP_460001.1	Q8ZQA1
NP_460204.2	Q8ZPZ4
NP_460518.1	Q8ZPF1
NP_463454.1	Q7CP63
NP_462681.1	Q8ZL19
NP_460880.1	P55891
NP_459797.1	Q8ZQN9
NP_463334.1	Q08022
NP_461132.1	Q8ZNL7
NP_462568.1	Q8ZL83
NP_462930.1	P40865
NP_459523.1	Q8ZR76
NP_462469.1	Q7CPJ7
NP_460624.1	Q8ZP81
NP_463121.1	P0A2F6
NP_461484.1	P26475
NP_460543.1	P40812
NP_461701.1	Q8ZMN3
NP_460856.1	P67179
NP_459061.1	P58651
NP_459915.1	Q8ZQE7
NP_460032.1	P25468
NP_460003.1	Q8ZQ99
NP_461029.1	P26404
NP_460720.1	Q8ZP37
NP_463133.1	Q8ZKG2
NP_462084.1	Q8ZM02
NP_460709.1	Q7CQF3
NP_459559.1	Q8ZR54
NP_463387.1	Q7CP72
NP_459524.1	Q8ZR75
NP_459062.1	P0A2F8
NP_460004.1	Q8ZQ98
NP_461212.1	P58663
NP_459163.1	Q8ZRS8
NP_463172.1	Q8ZKD5
NP_463388.1	Q7CP71
NP_463162.1	Q7CPA6
NP_463229.1	Q7CP94
NP_459312.1	Q7CR53
NP_463419.1	Q8ZJW2
NP_463389.1	Q8ZJY6
NP_463147.1	Q8ZKF0
NP_459186.1	Q8ZRR1
NP_460519.1	Q8ZPF0
NP_460792.1	Q7CQD7
NP_462759.1	Q8ZKX2
NP_461367.1	P0A249
NP_462498.1	Q8ZLD4
NP_462471.1	Q7CPJ6
NP_461849.1	Q8ZMF8
NP_460005.1	Q8ZQ97
NP_461758.1	Q7CPY4
NP_463115.1	P0A2L1
NP_462648.1	Q8ZL36
NP_463390.1	Q7CP70
NP_459063.1	Q8ZRY3
NP_462804.1	P0A267
NP_459525.1	Q8ZR74
NP_462472.1	Q8ZLE9
NP_460174.1	Q8ZQ10
NP_461487.1	Q8ZN37
NP_460439.1	Q8ZPL0
NP_463391.1	Q8ZJY5
NP_461213.1	P58662
NP_460006.1	Q8ZQ96
NP_461031.1	P26402
NP_462933.1	Q8ZKS0
NP_463266.1	Q8ZK73
NP_462966.1	Q8ZKP4
NP_461970.1	Q8ZM75
NP_459091.1	Q8ZRW2
NP_459064.1	Q7CR91
NP_461488.1	Q8ZN36
NP_460520.1	Q8ZPE9
NP_463005.1	P66008
NP_460381.1	P74858
NP_461971.1	P64222
NP_459065.1	Q8ZRY2
NP_462341.1	P60428
NP_459526.1	Q8ZR73
NP_461999.1	Q8ZM58
NP_460881.2	O52222
NP_459722.1	Q7CQX4
NP_462473.1	Q8ZLE8
NP_460838.1	Q8ZNW7
NP_461032.1	P26401
NP_462934.1	Q8ZKR9
NP_463428.1	Q8ZJV5
NP_460521.1	Q7CQI8
NP_459798.1	Q8ZQN8
NP_463112.1	P0A1A3
NP_462573.1	Q8ZL79
NP_461811.1	P40700
NP_459527.1	Q8ZR72
NP_461489.1	Q7CQ09
NP_461058.1	H9L436
NP_460007.1	Q8ZQ95
NP_462935.1	P43020
NP_460412.1	Q7CQK7
NP_462475.1	Q8ZLE6
NP_461414.1	Q8ZN79
NP_460120.1	Q8ZQ27
NP_460522.1	Q7CQJ1
NP_461835.1	Q8ZMG7
NP_461972.1	Q8ZM74
NP_461033.1	P26400
NP_463173.1	Q8ZKD4
NP_461510.1	Q8ZN21
NP_463392.1	Q8ZJY4
NP_462569.1	Q8ZL82
NP_462476.1	Q7CPJ5
NP_459528.1	Q8ZR71
NP_460564.1	Q8ZPC6
NP_460382.1	P0A239
NP_460008.1	Q8ZQ94
NP_462527.1	Q8ZLB3
NP_462039.1	Q8ZM32
NP_461490.1	P0A2E1
NP_461850.1	Q8ZMF7
NP_460523.1	P65641
NP_462936.1	P43019
NP_459067.1	Q8ZRY0
NP_460205.1	Q8ZPZ3
NP_462477.1	Q8ZLE5
NP_461133.1	Q56036
NP_460524.1	Q7CQJ0
NP_461288.1	P65559
NP_459529.1	Q8ZR70
NP_463298.1	P60829
NP_459849.1	P0A1P8
NP_461034.1	P0A1P4
NP_461398.1	P41793
NP_459068.1	Q8ZRX9
NP_462116.1	Q8ZLY6
NP_460525.1	Q8ZPE8
NP_460404.1	Q8ZPN4
NP_460544.1	Q7CQI7
NP_459127.1	Q7CR83
NP_460298.1	P0A235
NP_459382.1	P67334
NP_459170.1	Q8ZRS4
NP_459530.1	Q8ZR69
NP_460666.1	P07691
NP_462938.1	Q8ZKR7
NP_459313.1	Q8ZRJ5
NP_459543.1	P37926
NP_461035.1	P26398
NP_461491.1	P26353
NP_463309.1	Q8ZK41
NP_461974.1	Q8ZM72
NP_459069.1	Q8ZRX8
NP_460033.1	Q8ZQ75
NP_460545.1	Q8ZPD6
NP_462939.1	Q7CPC3
NP_459531.1	Q8XFG8
NP_463235.1	Q8ZK97
NP_460009.1	Q8ZQ93
NP_461533.1	Q8ZN04
NP_460710.1	P0A1S2
NP_460667.1	Q7CQG6
NP_459647.1	Q8ZQZ0
NP_459532.1	Q8ZR68
NP_459887.1	Q8ZQH1
NP_462478.1	Q02755
NP_460011.1	Q8ZQ91
NP_461517.1	P0A1W2
NP_461597.1	Q8ZMW7
NP_460526.1	Q7CQI9
NP_460583.1	Q8ZPB1
NP_460744.1	Q8ZP26
NP_461036.1	P26397
NP_463270.1	Q7CP88
NP_461492.1	Q8ZN35
NP_462570.1	Q8ZL81
NP_461975.2	Q8ZM71
NP_459560.1	Q8ZR53
NP_462940.1	Q8ZKR6
NP_459416.1	Q8ZRD2
NP_459391.1	Q8ZRE2
NP_461851.1	Q8ZMF6
NP_461760.1	Q8ZMJ8
NP_460012.1	Q8ZQ90
NP_462248.1	P0A2G5
NP_463405.1	Q8ZJX3
NP_460013.1	Q8ZQ89
NP_462499.1	Q8ZLD3
NP_459071.1	P14845
NP_460383.1	P74860
NP_460527.1	Q8ZPE7
NP_461976.1	Q7CPU9
NP_461037.1	P26396
NP_462638.1	Q8ZL43
NP_459533.1	Q8ZR67
NP_462167.1	Q8ZLV4
NP_462086.1	P40800
NP_463394.1	Q8ZJY2
NP_462941.1	Q8ZKR5
NP_462967.1	Q8ZKP3
NP_462479.1	P67100
NP_460626.1	Q8ZP79
NP_460601.1	P63462
NP_461977.1	Q8ZM70
NP_460528.1	Q8ZPE6
NP_460034.1	Q8ZQ74
NP_463395.1	Q8ZJY1
NP_460893.1	Q7CQC0
NP_462480.1	Q7CPJ4
NP_462942.1	Q8ZKR4
NP_461038.1	P26395
NP_459072.1	P14846
NP_461151.1	P17127
NP_459534.1	Q8ZR66
NP_461493.1	Q8ZN34
NP_460207.1	Q8ZPZ1
NP_463396.1	Q8ZJY0
NP_462803.1	Q9L6S1
NP_461247.1	P37418
NP_461978.1	Q8ZM69
NP_459535.1	Q8ZR65
NP_460529.1	Q8ZPE5
NP_460230.1	Q8ZPX9
NP_462202.2	Q8ZLT0
NP_460016.1	Q8ZQ86
NP_462481.1	Q7CPJ3
NP_459880.1	Q8ZQH8
NP_462249.1	Q8ZLQ6
NP_463213.2	Q8ZKB0
NP_461059.1	H9L4C3
NP_462253.1	Q8ZLQ4
NP_461039.1	P26394
NP_462943.1	P65692
NP_463397.1	Q8ZJX9
NP_462482.2	Q8ZLE4
NP_459536.1	Q7CR06
NP_461880.1	Q8ZME0
NP_462134.1	Q8ZLX5
NP_460711.1	Q7CQF2
NP_462729.1	Q8ZKZ0
NP_461511.1	Q8ZN20
NP_459537.1	P58688
NP_461040.1	P26393
NP_460864.1	Q8ZNV0
NP_461494.1	P0A1Z0
NP_461411.1	Q8ZN81
NP_463398.1	Q8ZJX8
NP_460793.1	P0A9Y9
NP_461290.1	Q8ZND0
NP_462164.1	Q8ZLV6
NP_461979.1	P66692
NP_460884.1	Q9RM66
NP_462944.1	P02906
NP_459130.1	Q8ZRU5
NP_461041.1	P26392
NP_460728.1	P65215
NP_462410.1	Q7CPK5
NP_463429.1	Q8ZJV4
NP_462483.1	Q8ZLE3
NP_460384.1	P74890
NP_459538.3	P37921
NP_461980.1	P58509
NP_461512.1	P63466
NP_459238.1	Q8ZRN8
NP_462344.1	P60446
NP_462945.1	P26219
NP_461042.1	P26391
NP_459799.1	Q8ZQN7
NP_460017.1	H9L423
NP_459539.1	P37922
NP_461598.1	Q8ZMW6
NP_463082.1	Q8ZKI8
NP_460023.1	Q8ZQ82
NP_459073.1	Q7CR90
NP_459314.1	P0A277
NP_463442.1	Q8ZJU7
NP_462484.1	Q8ZLE2
NP_461495.1	Q8ZN33
NP_460018.1	Q8ZQ85
NP_461137.1	Q8ZNL6
NP_461060.1	H9L431
NP_459074.1	Q8ZRX6
NP_459540.1	P37923
NP_461981.1	Q7CPU8
NP_461370.1	P40192
NP_462946.1	Q8ZKR3
NP_462485.1	P64413
NP_460885.1	P0CL06
NP_459092.1	Q8ZRW1
NP_459075.1	Q8ZRX5
NP_462165.1	Q8ZLV5
NP_460019.1	P0CW86
NP_463099.1	Q7CPB4
NP_461043.1	P0A2K7
NP_462486.1	Q8ZLE1
NP_461982.1	Q8ZM68
NP_460075.1	Q8ZQ48
NP_460627.1	Q8ZP78
NP_462531.1	Q7CPI6
NP_460121.1	P67557
NP_460020.1	H9L422
NP_460546.1	Q8ZPD5
NP_461496.1	P0A9Z4
NP_460531.1	P37592
NP_460948.1	P22494
NP_461497.1	Q8ZN32
NP_462947.1	Q8ZKR2
NP_461983.1	Q7CPU7
NP_459164.1	Q8ZRS7
NP_459719.1	Q8ZQU3
NP_460021.1	Q8ZQ84
NP_461044.1	P26389
NP_460389.1	Q8ZPP1
NP_461513.1	Q8ZN19
NP_463403.1	P67524
NP_460022.1	Q8ZQ83
NP_463063.1	Q8ZKK7
NP_461590.1	Q8ZMX0
NP_462135.1	Q7CPR6
NP_459211.1	Q8ZRP7
NP_461498.1	Q8ZN31
NP_460533.1	P37594
NP_462129.1	Q8ZLY0
NP_460661.1	Q8ZP54
NP_461799.1	P74873
NP_462087.1	P0A1C5
NP_459077.1	Q8ZRX3
NP_461045.1	P26388
NP_459561.1	Q8ZR52
NP_463184.1	P26976
NP_460385.1	P74891
NP_459542.1	P37925
NP_462949.1	Q8ZKR0
NP_460208.1	Q8ZPZ0
NP_462315.1	Q8ZLM4
NP_459315.1	P37722
NP_461599.1	Q7CPZ8
NP_463156.1	P36557
NP_460035.1	Q8ZQ73
NP_462539.1	P43662
NP_459078.1	Q8ZRX2
NP_461291.1	Q8ZNC9
NP_462950.1	Q8ZKQ9
NP_463404.1	Q8ZJX4
NP_460386.1	P96068
NP_462488.1	Q8ZLD9
NP_460712.1	Q7CQF1
NP_462572.1	Q8ZL80
NP_460252.1	Q7CQP6
NP_459093.1	P0A1B1
NP_462346.1	O68927
NP_462952.1	Q8ZKQ7
NP_459544.1	P26319
NP_461375.1	P29848
NP_461854.1	P63889
NP_460038.1	Q8ZQ71
NP_461986.1	Q7CPU5
NP_461514.1	P0A285
NP_462953.1	Q8ZKQ6
NP_461388.1	Q9ZFU6
NP_459720.1	Q8ZQU2
NP_459257.1	Q8ZRM3
NP_462574.1	Q8ZL78
NP_460299.1	Q8ZPS9
NP_459643.1	Q8ZQZ4
NP_461292.1	Q8ZNC8
NP_460196.1	P40790
NP_462612.1	P26469
NP_461819.1	P35672
NP_462954.1	Q8ZKQ5
NP_463138.1	Q8ZKF8
NP_462650.1	Q7CPH1
NP_462166.1	Q7CPQ7
NP_459393.1	Q8ZRE1
NP_462731.1	Q8ZKY8
NP_460163.1	O85139
NP_461311.1	Q7CQ39
NP_461135.1	P23905
NP_459596.1	Q8ZR25
NP_461530.1	Q8ZN07
NP_459165.1	Q8ZRS6
NP_460797.1	Q8ZNZ8
NP_463275.1	P65748
NP_459448.1	Q8ZRB8
NP_460387.1	P96069
NP_461501.1	Q8ZN29
NP_459094.1	Q56017
NP_462040.1	Q8ZM31
NP_462997.1	Q8ZKM1
NP_462700.1	Q8ZL11
NP_461818.1	P35671
NP_462558.1	Q8ZL93
NP_459083.1	Q8ZRW8
NP_462001.1	Q8ZM56
NP_462089.1	P26973
NP_462348.1	P0A1Z6
NP_463134.1	Q8ZKG1
NP_459654.1	Q7CQY9
NP_461602.1	Q8ZMW4
NP_459664.1	Q8ZQY1
NP_463249.1	Q8ZK85
NP_460713.1	Q8ZP44
NP_461312.1	P60802
NP_462370.1	Q8ZLK8
NP_463125.1	H9L452
NP_459095.1	Q56016
NP_459166.1	P65207
NP_461651.1	Q8ZMS9
NP_459187.1	Q8ZRR0
NP_462732.1	Q8ZKY7
NP_462225.1	Q8ZLS1
NP_462274.1	Q8ZLP5
NP_462735.1	P0A2I3
NP_463423.1	Q8ZJV8
NP_463195.1	Q7CPA0
NP_459883.1	Q8ZQH5
NP_462189.1	Q8ZLT8
NP_463116.1	Q8ZKH3
NP_459317.1	P30705
NP_463327.1	Q8ZK33
NP_459851.1	Q9Z5Z2
NP_459239.1	Q8ZRN7
NP_463149.1	Q8ZKE8
NP_461198.1	Q8ZNH9
NP_459800.1	Q8ZQN6
NP_460126.1	Q8ZQ24
NP_461372.1	P40194
NP_463036.1	Q9L9I4
NP_460855.1	P66762
NP_461293.1	P02915
NP_462496.1	Q8ZLD5
NP_459613.1	Q8ZR12
NP_463117.1	Q8ZKH2
NP_459258.1	Q7CR60
NP_462963.1	Q8ZKP6
NP_459096.1	P58717
NP_463118.1	Q8ZKH1
NP_459597.1	Q8ZR24
NP_459240.1	Q8ZRN6
NP_461136.1	P41030
NP_461266.1	P33901
NP_460799.1	Q8ZNZ6
NP_462964.1	Q7CPC2
NP_461607.1	Q7CPZ7
NP_461516.1	Q56056
NP_463418.1	Q7CP67
NP_460714.1	Q8ZP43
NP_462773.1	Q8ZKW6
NP_459090.1	Q8ZRW3
NP_459171.1	Q8ZRS3
NP_460300.2	P33321
NP_459394.1	P0A1W8
NP_460801.1	P43669
NP_462502.1	Q8ZLD0
NP_461114.1	Q7CQ88
NP_461167.1	Q7CQ72
NP_463042.1	P37461
NP_460716.1	Q8ZP41
NP_460338.1	Q7CQN5
NP_463424.1	Q7CP66
NP_459819.1	Q7CQV6
NP_460715.1	Q8ZP42
NP_460057.1	Q7CQS9
NP_463282.1	Q8ZK61
NP_461294.1	P0A2I7
NP_461660.1	Q8ZMS0
NP_463159.1	P60066
NP_462651.1	Q8ZL34
NP_462168.1	Q8ZLV3
NP_462247.1	Q8ZLQ7
NP_462682.1	Q7CPF8
NP_463119.1	P0A195
NP_462041.1	Q8ZM30
NP_461763.1	Q8ZMJ5
NP_463038.1	P0A1U4
NP_461374.1	P40196
NP_462969.1	Q8ZKP1
NP_461407.1	Q9ZFV8
NP_460390.1	Q7CQL0
NP_460689.1	Q7CQF8
NP_462503.1	Q8ZLC9
NP_463196.1	Q8ZKB9
NP_462970.1	P67651
NP_459200.1	H9L482
NP_461733.1	Q08698
NP_460302.1	P0A7L6
NP_462971.1	Q8ZKP0
NP_461295.1	P0A2I9
NP_459694.1	P25078
NP_459241.1	Q8ZRN5
NP_462733.1	Q8ZKY6
NP_462805.1	P0A2P0
NP_461062.1	Q9F7B2
NP_463456.1	Q8ZJT6
NP_461888.1	Q8ZMD3
NP_461063.1	Q8ZNQ9
NP_463180.1	Q8ZKC9
NP_460678.1	Q8ZP51
NP_461339.1	P0A233
NP_462972.1	O30911
NP_461215.1	Q8ZNH1
NP_463202.1	Q7CP98
NP_459563.1	Q8ZR51
NP_459645.1	Q8ZQZ2
NP_462003.1	Q7CPU0
NP_463425.1	P63923
NP_460148.1	P0A1J1
NP_461518.1	P0A1W4
NP_460037.1	Q7CQT5
NP_459933.1	Q8ZQD6
NP_460549.1	Q8ZPD3
NP_460124.1	Q7CQR6
NP_462504.1	Q8ZLC8
NP_462005.1	Q8ZM54
NP_460550.1	Q7CQI5
NP_462006.1	P66764
NP_461687.1	Q8ZMP4
NP_459098.1	Q8ZRW0
NP_459721.1	Q8ZQU1
NP_462973.1	P0A271
NP_461064.1	Q8ZNQ8
NP_460913.1	P16328
NP_460210.1	Q56032
NP_460551.1	Q8ZPD2
NP_463426.1	Q8ZJV7
NP_462585.1	Q7CPI1
NP_462974.1	Q8ZKN9
NP_460552.1	Q8ZPD1
NP_461857.1	Q8ZMF4
NP_462505.1	Q8ZLC7
NP_460056.1	Q8ZQ62
NP_463427.1	Q8ZJV6
NP_459113.1	Q7CR85
NP_460800.1	P65817
NP_460303.1	P67038
NP_462652.1	Q8ZL33
NP_461519.1	Q8ZN18
NP_462575.1	Q8ZL77
NP_461065.1	Q8ZNQ7
NP_459564.1	Q8ZR50
NP_462975.1	Q7CPC1
NP_462169.1	Q8ZLV2
NP_459325.1	Q8ZRI9
NP_459319.1	P40861
NP_460039.1	Q7CQT4
NP_460553.1	H9L472
NP_461296.1	P02910
NP_459099.1	Q7CR86
NP_459207.1	P0CL07
NP_462350.1	P0A1H3
NP_459565.1	Q8ZR49
NP_462976.1	Q8ZKN8
NP_462506.1	Q8ZLC6
NP_459417.1	Q8ZRD1
NP_462008.1	P60190
NP_460040.1	Q8ZQ70
NP_463181.1	Q8ZKC8
NP_459100.1	Q8ZRV9
NP_460041.1	P64105
NP_460889.1	Q8ZNU6
NP_462507.1	Q8ZLC5
NP_462136.1	Q8ZLX4
NP_462009.1	Q8ZM53
NP_461066.1	P63905
NP_460042.1	Q8ZQ69
NP_461520.1	Q8ZN17
NP_459101.1	Q8ZRV8
NP_459566.1	Q8ZR48
NP_462256.1	Q8ZLQ3
NP_461067.1	P67408
NP_461138.1	P64209
NP_461229.2	Q8ZNG2
NP_462508.1	Q8ZLC4
NP_459567.1	Q8ZR47
NP_462576.1	Q8ZL76
NP_462734.1	Q8ZKY5
NP_463040.1	Q9L9I1
NP_463430.1	Q8ZJV3
NP_462221.1	Q7CPP2
NP_460554.1	H9L489
NP_462011.1	P58580
NP_461068.1	Q8ZNQ6
NP_461688.1	Q8ZMP3
NP_462977.1	P66191
NP_461521.1	Q8ZN16
NP_459568.1	Q8ZR46
NP_459804.1	Q8ZQN3
NP_462509.1	Q7CPJ0
NP_462978.1	Q8ZKN7
NP_460043.1	Q8ZQ68
NP_463431.1	Q8ZJV2
NP_461522.1	Q8ZN15
NP_459569.1	Q8ZR45
NP_462683.1	Q8ZL18
NP_460044.1	P02936
NP_462012.1	Q8ZM51
NP_461523.1	Q8ZN14
NP_460211.1	P0A1G3
NP_459434.1	Q8ZRC5
NP_462979.1	Q8ZKN6
NP_460153.1	P15931
NP_459570.1	P15888
NP_463182.1	Q8ZKC7
NP_460304.1	P15434
NP_462566.1	Q8ZL85
NP_463215.3	Q8ZKA9
NP_462013.1	Q8ZM50
NP_462510.1	Q8ZLC3
NP_459102.1	Q8ZRV7
NP_461524.1	Q8ZN13
NP_460331.1	Q8ZPQ8
NP_462014.1	Q8ZM49
NP_460555.1	Q8ZPD0
NP_461627.1	Q8ZMV1
NP_459571.1	Q8ZR44
NP_463055.1	P36936
NP_463041.1	Q9L9I0
NP_462090.1	Q8ZM00
NP_460045.1	P0A241
NP_463433.1	Q8ZJV0
NP_459572.1	Q8ZR43
NP_462170.1	Q8ZLV1
NP_460556.2	Q8ZPC9
NP_459663.1	Q8ZQY2
NP_462015.1	Q8ZM48
NP_462653.1	Q8ZL32
NP_461297.1	P02911
NP_459617.1	Q8ZR09
NP_461069.1	Q8ZNQ5
NP_462511.1	Q8ZLC2
NP_460046.1	Q8ZQ67
NP_463183.1	Q8ZKC6
NP_459676.1	Q8ZQX3
NP_461412.1	Q7CQ25
NP_460650.1	P36634
NP_459573.1	H9L484
NP_462980.1	P06203
NP_461376.1	P40860
NP_461216.1	Q8ZNH0
NP_459574.1	Q8ZR42
NP_462747.1	Q8ZKY0
NP_460212.1	Q56030
NP_460047.1	Q8ZQ66
NP_462016.1	Q8ZM47
NP_462761.1	Q8ZKX0
NP_459691.1	Q8ZQW1
NP_462577.1	Q8ZL75
NP_461764.1	Q7CPY3
NP_461070.1	Q8ZNQ4
NP_459575.1	Q8ZR41
NP_462981.1	Q8ZKN5
NP_459103.1	Q8ZRV6
NP_460557.1	Q8ZPC8
NP_462017.1	Q7CPT8
NP_462807.1	P0A295
NP_460411.1	Q8ZPM9
NP_460929.1	P26418
NP_459576.1	Q56064
NP_462018.1	Q8ZM46
NP_462512.1	Q8ZLC1
NP_459105.1	Q8ZRV4
NP_462019.1	Q8ZM45
NP_462269.1	P25077
NP_461604.1	P36245
NP_460558.1	H9L442
NP_461071.1	Q8ZNQ3
NP_459275.1	Q93IS4
NP_459106.1	P06190
NP_460048.1	Q7CQT3
NP_459577.1	Q8ZR40
NP_462020.1	Q8ZM44
NP_462123.1	P40731
NP_462513.1	Q8ZLC0
NP_459459.1	Q7CR19
NP_460049.1	Q8ZQ65
NP_459366.1	P55912
NP_462257.1	Q8ZLQ2
NP_459107.1	P06189
NP_460560.1	H9L413
NP_461395.1	P41796
NP_461377.1	Q8ZN87
NP_462514.1	P50335
NP_462984.1	Q8ZKN2
NP_460632.1	Q8ZP73
NP_463446.1	Q8ZJU4
NP_462983.1	Q8ZKN3
NP_459648.1	Q8ZQY9
NP_460561.1	Q9KIB9
NP_460891.1	Q8ZNU4
NP_462091.1	Q7CPS4
NP_461526.1	Q8ZN11
NP_461298.1	P0A245
NP_459108.1	P06188
NP_459172.1	Q7CR72
NP_459578.1	Q8ZR39
NP_459581.1	Q8ZR36
NP_459723.1	P66869
NP_459321.1	Q8ZRJ3
NP_460050.1	P65350
NP_459173.1	Q8ZRS2
NP_461527.1	Q8ZN10
NP_461765.1	Q8ZMJ4
NP_461248.1	P58486
NP_460051.1	P62362
NP_460562.1	Q7CQH9
NP_460080.1	Q8ZQ46
NP_461528.1	Q8ZN09
NP_459579.1	Q8ZR38
NP_462023.1	Q8ZM42
NP_460892.1	Q7CQC1
NP_460213.1	P0A1D9
NP_462353.1	Q8ZLL9
NP_460391.1	Q8ZPP0
NP_460052.1	Q7CQT1
NP_460403.1	O68901
NP_462258.1	Q8ZLQ1
NP_461529.1	Q8ZN08
NP_460658.1	P16656
NP_462654.1	Q8ZL31
NP_459109.1	P03022
NP_460053.1	Q7CQT0
NP_462024.1	Q8ZM41
NP_462025.1	Q8ZM40
NP_462092.1	P66795
NP_460633.1	Q8ZP72
NP_461859.1	Q8ZMF2
NP_463439.1	P37444
NP_461140.1	Q8ZNL4
NP_462985.1	Q8ZKN1
NP_462171.1	Q8ZLV0
NP_460127.1	Q8ZQ23
NP_459936.1	Q8ZQD5
NP_461692.1	Q8ZMN9
NP_462096.1	P0A2I5
NP_462026.1	Q05869
NP_460717.1	Q8ZP40
NP_460164.1	O85140
NP_463441.1	Q8ZJU8
NP_460055.1	Q8ZQ63
NP_461628.1	Q4AAY4
NP_461230.1	Q8ZNG1
NP_462808.1	Q9L6R7
NP_461378.1	P41032
NP_459353.2	P40815
NP_460570.1	Q8ZPC0
NP_462517.1	Q8ZLB8
NP_462027.1	P67617
NP_461299.1	Q8ZNC7
NP_460214.1	Q56029
NP_463065.1	Q8ZKK5
NP_462986.1	P11003
NP_462578.1	Q8ZL74
NP_463052.1	P17430
NP_461782.1	Q7CPX8
NP_462028.1	Q8ZM39
NP_461074.1	Q8ZNQ0
NP_460566.1	Q8ZPC4
NP_461321.2	Q8ZNB2
NP_459888.1	Q8ZQH0
NP_461531.1	Q8ZN06
NP_459724.1	Q8ZQU0
NP_460730.1	P0A237
NP_461532.1	Q8ZN05
NP_463443.1	Q7CP64
NP_460058.1	Q7CQS8
NP_462987.1	P17750
NP_462701.1	Q8ZL10
NP_463273.1	Q8ZK69
NP_462172.1	Q8ZLU9
NP_460567.1	Q8ZPC3
NP_460747.1	Q7CQE6
NP_463444.1	Q8ZJU6
NP_462355.1	Q8ZLL7
NP_460059.1	Q8ZQ61
NP_462029.1	Q8ZM38
NP_460186.1	Q8ZQ01
NP_461075.1	Q8ZNP9
NP_461766.1	Q8ZMJ3
NP_460568.1	Q8ZPC2
NP_461802.1	P0CL00
NP_459246.1	Q7CR62
NP_463123.1	Q8ZKG8
NP_461534.1	Q8ZN03
NP_463445.1	Q8ZJU5
NP_459582.1	Q7CR01
NP_460802.1	P60317
NP_461895.1	Q8ZMC6
NP_461535.1	Q8ZN02
NP_459114.1	Q8ZRV0
NP_462190.1	Q8ZLT7
NP_462093.1	Q8ZLZ9
NP_461141.1	Q8ZNL3
NP_460060.1	Q8ZQ60
NP_462030.1	Q8ZM37
NP_462285.1	Q8ZLP2
NP_460634.1	Q8ZP71
NP_460569.1	Q8ZPC1
NP_463043.1	P25852
NP_461218.1	P37431
NP_459128.1	Q8ZRU7
NP_462173.1	Q8ZLU8
NP_459583.1	Q7CR00
NP_461076.1	Q8ZNP8
NP_462518.1	Q8ZLB7
NP_462988.1	Q8ZKN0
NP_461767.1	Q8ZMJ2
NP_459397.1	Q7CR42
NP_461860.1	Q8ZMF1
NP_462579.1	Q8ZL73
NP_462356.1	Q7CPL2
NP_462809.1	O33789
NP_460718.1	Q8ZP39
NP_460061.1	Q8ZQ59
NP_461536.1	Q8ZN01
NP_459649.1	Q8ZQY8
NP_462989.1	Q8ZKM9
NP_459805.1	Q7CQW2
NP_460440.1	Q7CQK3
NP_462519.1	Q93IN1
NP_461537.1	Q8ZN00
NP_461077.1	Q8ZNP7
NP_460571.1	P58535
NP_460062.1	Q8ZQ58
NP_460063.1	O30917
NP_463447.1	Q8ZJU3
NP_459585.1	Q8ZR35
NP_463274.1	Q8ZK68
NP_461539.1	Q8ZMZ8
NP_462990.1	Q8ZKM8
NP_461078.1	Q8ZNP6
NP_460392.1	Q8ZPN9
NP_463122.1	Q8ZKG9
NP_460128.1	P61351
NP_460064.1	O30916
NP_459116.1	P15717
NP_462031.1	Q7CPT6
NP_460572.1	Q7CQH8
NP_462991.1	Q8ZKM7
NP_461079.1	Q8ZNP5
NP_463448.1	Q8ZJU2
NP_461540.1	Q8ZMZ7
NP_459586.1	Q8ZR34
NP_462032.1	Q8ZM36
NP_462520.1	Q93IN2
NP_461541.1	Q8ZMZ6
NP_459117.1	P37412
NP_462033.1	Q93DX1
NP_459853.1	Q8ZQK1
NP_462259.1	Q7CPN3
NP_461644.1	Q8ZMT6
NP_459806.1	Q7CQW1
NP_460065.1	Q7CQS6
NP_462736.1	P24900
NP_461714.1	Q8ZMM4
NP_462655.1	H9L4B9
NP_461300.1	Q8ZNC6
NP_460894.1	Q8ZNU3
NP_461861.1	Q8ZMF0
NP_461768.1	Q8ZMJ1
NP_460067.1	Q8ZQ55
NP_460306.1	Q8ZPS8
NP_459118.1	P15875
NP_460911.1	Q56106
NP_461542.1	Q8ZMZ5
NP_462034.1	Q8ZM35
NP_461080.1	Q7CQ98
NP_462108.1	Q8ZLZ0
NP_460129.1	Q8ZQ22
NP_460575.1	Q7CQH7
NP_462684.1	Q7CPF7
NP_462992.1	Q8ZKM6
NP_460576.1	Q8ZPB7
NP_462035.1	Q93DX3
NP_459588.1	Q8ZR32
NP_459650.1	Q8ZQY7
NP_462521.1	Q8ZLB6
NP_461629.1	Q8ZMV0
NP_463450.1	Q8ZJU0
NP_460577.1	Q7CQH6
NP_463049.1	P51066
NP_463044.1	P26977
NP_462036.1	H9L457
NP_459938.1	Q7CQU4
NP_460635.1	Q8ZP70
NP_461543.1	Q8ZMZ4
NP_461544.1	Q8ZMZ3
NP_462993.1	Q8ZKM5
NP_462522.1	Q7CPI9
NP_463451.1	Q8ZJT9
NP_462781.1	Q8ZKV9
NP_461769.1	Q7CPY2
NP_461081.1	Q8ZNP4
NP_461803.1	P0CL52
NP_460578.1	Q8ZPB6
NP_460719.1	Q8ZP38
NP_462523.1	Q8ZLB5
NP_460393.1	O68446
NP_462174.1	Q8ZLU7
NP_459589.1	Q8ZR31
NP_459120.1	P46924
NP_462037.1	Q8ZM34
NP_459398.1	Q7CR41
NP_460579.1	Q8ZPB5
NP_462623.1	H9L449
NP_460642.1	Q8ZP64
NP_462357.1	Q8ZLL6
NP_459738.1	Q8ZQT3
NP_461862.1	Q8ZME9
NP_459807.1	Q7CQW0
NP_462738.1	P35891
NP_459247.1	Q8ZRN2
NP_461082.1	Q8ZNP3
NP_459590.1	Q8ZR30
NP_460804.1	Q8ZNZ4
NP_460359.1	H9L495
NP_460070.1	Q8ZQ52
NP_461219.1	P37426
NP_460307.1	Q7CQN7
NP_461083.1	Q8ZNP2
NP_459121.1	P40811
NP_463453.1	Q8ZJT7
NP_461331.1	Q8ZNA6
NP_460580.1	Q8ZPB4
NP_462524.1	Q7CPI8
NP_462656.1	H9L455
NP_459591.1	Q8ZR29
NP_462525.1	Q7CPI7
NP_460071.1	Q8ZQ51
NP_461142.1	Q8ZNL2
NP_462206.1	Q8ZLS8
NP_461608.1	Q7CPZ6
NP_462995.1	Q8ZKM3
NP_461546.1	Q8ZMZ1
NP_462604.1	Q8ZL56
NP_462094.1	Q8ZLZ8
NP_460182.1	Q7CQQ9
NP_460581.1	Q8ZPB3
NP_459592.1	Q8ZR28
NP_460930.1	P26419
NP_460895.1	Q8ZNU2
NP_460072.1	Q8ZQ50
NP_460683.1	P00905
NP_459122.1	P21622
NP_462996.1	Q8ZKM2
NP_460938.1	Q8ZNT5
NP_461085.1	Q7CQ97
NP_460430.1	Q8ZPL7
NP_462533.1	Q8ZLA8
NP_462737.1	P26464
NP_461548.1	Q8ZMY9
NP_459399.1	Q8ZRD9
NP_461380.1	P0A2D1
NP_460130.1	Q7CQR4
NP_459123.1	P0A2P8
NP_461105.1	P0CL12
NP_461588.1	Q7CQ02
NP_461770.1	Q8ZMJ0
NP_460073.1	Q9RPU4
NP_461550.1	Q8ZMY7
NP_460308.1	P63351
NP_463325.1	Q8ZK35
NP_461734.1	P17424
NP_461153.1	Q8ZNK4
NP_462095.1	Q7CPS3
NP_460074.1	Q8ZQ49
NP_459741.1	Q8ZQT1
NP_462757.1	Q8ZKX4
NP_461301.1	Q8ZNC5
NP_462810.1	Q9L6R5
NP_459124.1	Q8ZRU9
NP_461234.1	Q8ZNF8
NP_463300.1	P63727
NP_461143.1	Q8ZNL1
NP_462528.1	Q8ZLB2
NP_459324.1	Q8ZRJ0
NP_460896.1	Q8ZNU1
NP_460636.1	Q8ZP69
NP_461087.1	Q8ZNP0
NP_459125.1	Q8ZRU8
NP_461551.1	Q8ZMY6
NP_462260.1	Q8ZLQ0
NP_459685.1	Q8ZQW7
NP_462261.1	Q03031
NP_462999.1	Q8ZKM0
NP_463253.1	Q8ZK82
NP_460651.1	P0A2J3
NP_463045.1	P26978
NP_460841.1	Q8ZNW4
NP_462287.1	P67347
NP_462529.1	Q8ZLB1
NP_461088.1	Q8ZNN9
NP_462042.1	Q8ZM29
NP_459249.1	Q8ZRN1
NP_461552.1	Q8ZMY5
NP_462043.1	Q7CPT4
NP_462175.1	Q8ZLU6
NP_459174.1	Q8ZRS1
NP_460584.1	Q8ZPB0
NP_461863.1	Q8ZME8
NP_461553.1	Q8ZMY4
NP_461381.1	Q7CQ27
NP_459651.1	Q8ZQY6
NP_462383.1	Q7CPK8
NP_461554.1	Q8ZMY3
NP_462530.1	Q8ZLB0
NP_460076.1	Q9RPU7
NP_461089.1	Q7CQ95
NP_462811.1	Q9L6R4
NP_461264.1	Q60010
NP_462359.1	Q8ZLL4
NP_461730.1	Q8ZML2
NP_461555.1	Q8ZMY2
NP_461090.1	P55882
NP_459808.1	Q7CQV9
NP_462044.1	Q8ZM28
NP_460077.1	Q9RPU8
NP_459598.1	Q8ZR23
NP_460078.1	Q7CQS5
NP_461091.1	P55883
NP_463000.1	Q8ZKL9
NP_459725.1	Q8ZQT9
NP_461317.1	Q8ZNB5
NP_460805.1	Q8ZNZ3
NP_462532.1	Q8ZLA9
NP_462580.1	Q8ZL72
NP_460079.1	Q8ZQ47
NP_460586.1	Q8ZPA8
NP_462045.1	Q8ZM27
NP_462371.1	P40732
NP_459129.1	Q8ZRU6
NP_459599.1	Q8ZR22
NP_461092.1	Q7CQ94
NP_461864.1	Q8ZME7
NP_462046.1	Q8ZM26
NP_463001.1	Q8ZKL8
NP_460394.1	P0A2F4
NP_462666.1	Q8ZL28
NP_459890.1	Q8ZQG8
NP_461093.1	Q8ZNN8
NP_460587.1	Q8ZPA7
NP_463276.1	Q8ZK67
NP_459600.1	P0A251
NP_460637.1	Q8ZP68
NP_459150.1	P30012
NP_461094.1	Q8ZNN7
NP_460132.3	Q8ZQ21
NP_460081.1	Q8ZQ45
NP_459601.1	P19480
NP_460351.1	Q8ZPP6
NP_463003.1	Q8ZKL6
NP_461249.1	Q7CQ56
NP_460589.1	Q8ZPA5
NP_463284.1	Q8ZK59
NP_459809.1	P0CL04
NP_459131.1	Q8ZRU4
NP_462176.1	Q8ZLU5
NP_462048.1	Q8ZM24
NP_460082.1	Q8ZQ44
NP_462534.1	Q8ZLA7
NP_460395.1	Q8ZPN8
NP_461302.1	Q8ZNC4
NP_459400.1	Q8ZRD8
NP_460590.1	Q9FD10
NP_459435.1	Q8ZRC4
NP_462812.1	Q9L6R3
NP_461783.1	H9L493
NP_462049.1	Q7CPT3
NP_459132.1	Q7CR82
NP_461564.1	Q4AAZ0
NP_460165.1	P0A2C9
NP_463004.1	Q7CPB9
NP_460183.1	Q8ZQ04
NP_459602.1	Q8ZR21
NP_461565.1	Q4AAY9
NP_463230.1	Q8ZKA2
NP_461382.1	Q8ZN86
NP_461610.1	Q8ZMW3
NP_461566.1	Q4AAY8
NP_459189.1	Q8ZRQ8
NP_461095.1	Q8ZNN6
NP_460083.1	Q9F0N8
NP_461220.1	P37427
NP_462151.1	Q7CPQ9
NP_462535.1	Q8ZLA6
NP_459603.1	Q8ZR20
NP_460591.1	Q8ZPA4
NP_459891.1	Q8ZQG7
NP_461096.1	Q7CQ93
NP_460133.1	Q8ZQ20
NP_459251.1	Q8ZRM9
NP_460150.1	P0A1J3
NP_460084.1	Q7CQS3
NP_462262.1	Q03030
NP_460085.1	P63263
NP_462050.1	P0A2M7
NP_463313.1	Q9L646
NP_462536.1	P43666
NP_461097.1	Q7CQ92
NP_460897.1	Q8ZNU0
NP_460858.1	Q8ZNV2
NP_461578.1	Q8ZMX7
NP_460842.1	Q8ZNW3
NP_460592.1	Q8ZPA3
NP_461715.2	P0CL02
NP_463006.2	Q7CPB8
NP_461098.1	Q8ZNN5
NP_459134.1	Q8ZRU2
NP_462400.1	Q8ZLJ5
NP_462223.1	Q8ZLS3
NP_460134.1	P06204
NP_460086.1	H9L4B5
NP_459201.1	H9L4A4
NP_462051.1	Q7CPT2
NP_459604.1	Q8ZR19
NP_460593.1	Q8ZPA2
NP_463007.1	Q8ZKL5
NP_460087.1	Q8ZQ43
NP_459652.1	Q8ZQY5
NP_459757.1	Q8ZQR9
NP_460310.1	Q8ZPS6
NP_459672.1	Q7CQY4
NP_461383.1	Q8ZN85
NP_460600.3	Q8ZP95
NP_459605.1	Q8ZR18
NP_459726.1	Q7CQX3
NP_461611.1	Q7CPZ4
NP_462537.1	P43664
NP_460594.1	Q8ZPA1
NP_461817.1	P0A1I3
NP_459135.1	Q8ZRU1
NP_461099.1	Q8ZNN4
NP_460233.1	Q8ZPX7
NP_462361.1	Q8ZLL3
NP_462581.1	Q8ZL71
NP_459606.1	P67093
NP_462052.1	Q8ZM23
NP_460595.1	Q8ZPA0
NP_462055.1	Q8ZM21
NP_460311.1	Q8ZPS5
NP_459136.1	Q7CR81
NP_461569.1	Q8XFJ8
NP_459326.1	Q8ZRI8
NP_459607.1	Q8ZR17
NP_461570.1	Q4AAY6
NP_460088.1	H9L4C1
NP_462113.1	Q8ZLY8
NP_460951.1	Q8ZNS5
NP_460596.1	Q8ZP99
NP_459404.1	Q7CR38
NP_462109.1	P0A1H1
NP_461221.1	Q7CQ59
NP_460219.1	Q8ZPY5
NP_461865.1	Q8ZME6
NP_459137.1	Q7CR80
NP_460089.1	Q8ZQ42
NP_462177.1	Q8ZLU4
NP_463197.1	Q8ZKB8
NP_462657.1	H9L432
NP_463189.1	Q8ZKC2
NP_461413.1	Q8ZN80
NP_459608.1	Q7CQZ7
NP_460090.1	O33921
NP_462097.1	Q8ZLZ7
NP_460396.1	Q7CQK9
NP_462851.1	Q8ZKV2
NP_459609.1	Q8ZR16
NP_463010.1	P40723
NP_459138.1	Q8ZRU0
NP_461572.1	H9L473
NP_462762.1	Q8ZKW9
NP_460685.1	P0A2K1
NP_459810.1	Q7CQV8
NP_462590.1	Q8ZL65
NP_461573.1	H9L461
NP_459962.1	Q7CQT7
NP_461222.1	Q8XEK9
NP_460091.1	Q8ZQ41
NP_459348.1	Q8ZRG7
NP_461103.1	Q8ZNN2
NP_459175.1	O33799
NP_462540.1	P43661
NP_460092.1	Q8ZQ40
NP_462824.1	P0A1Q8
NP_462054.1	Q7CPT1
NP_460898.1	Q7CQB9
NP_462204.1	Q7CPQ0
NP_462855.1	P0A2K5
NP_459252.1	Q8ZRM8
NP_462098.1	Q8ZLZ6
NP_460598.1	Q8ZP97
NP_459402.1	Q8ZRD7
NP_461429.1	P66950
NP_461896.1	Q8ZMC5
NP_462191.1	Q8ZLT6
NP_461104.1	Q8ZNN1
NP_461574.1	Q8ZMY0
NP_462541.1	P43660
NP_460599.1	Q8ZP96
NP_460093.1	Q8ZQ39
NP_460094.1	Q8ZQ38
NP_461303.1	Q8ZNC3
NP_461575.1	P0A2F0
NP_460806.1	Q8ZNZ2
NP_459611.1	Q8ZR14
NP_460135.1	P40822
NP_459140.2	Q8ZRT8
NP_462542.1	Q8ZLA5
NP_463301.1	Q7CP83
NP_461613.1	P65774
NP_460095.1	Q8ZQ37
NP_459614.1	Q8ZR11
NP_462740.1	P66686
NP_459141.1	Q8ZRT7
NP_459903.1	Q8ZQF5
NP_459612.1	Q8ZR13
NP_461576.1	Q8ZMX9
NP_461385.1	P33772
NP_462543.1	Q8ZLA4
NP_459653.1	Q8ZQY4
NP_462263.1	Q03032
NP_462056.1	Q8ZM20
NP_463066.1	Q8ZKK4
NP_459677.1	Q8ZQX2
NP_460189.1	Q8ZQ00
NP_462544.1	Q8ZLA3
NP_461106.1	Q7CQ90
NP_462582.1	Q8ZL70
NP_461107.1	Q8ZNN0
NP_462741.1	P0A8C9
NP_462545.1	Q8ZLA2
NP_462057.1	Q8ZM19
NP_460220.1	Q8ZPY4
NP_461577.1	Q8ZMX8
NP_461108.1	Q7CQ89
NP_459811.1	Q8ZQN2
NP_459327.1	Q8ZRI7
NP_463135.1	Q8ZKG0
NP_462815.1	Q9L6R0
NP_462058.1	Q7CPT0
NP_459142.1	Q8ZRT6
NP_462059.1	P64421
NP_461109.1	Q8ZNM9
NP_460899.1	O66041
NP_459615.1	Q7CQZ6
NP_461145.1	Q8ZNK9
NP_462060.1	Q8ZM18
NP_462264.1	Q7CPN2
NP_460639.1	Q8ZP66
NP_459143.1	P67481
NP_459616.1	Q8ZR10
NP_460136.1	Q7CQR3
NP_463011.1	P37417
NP_459144.1	P67693
NP_462061.1	Q8ZM17
NP_459260.1	Q8ZRM1
NP_461614.1	Q8ZMW1
NP_461695.1	Q8ZMN6
NP_461579.1	Q8ZMX6
NP_463155.1	P40862
NP_462546.1	Q7CPI5
NP_461110.1	Q8ZNM8
NP_461169.1	Q8ZNJ6
NP_460398.1	P0A1Q2
NP_462062.1	Q8ZM16
NP_460602.1	Q8ZP94
NP_459145.1	P63828
NP_461386.1	P33771
NP_463320.1	P0A1Z4
NP_463012.1	P37416
NP_460097.1	P10502
NP_462547.1	Q8ZLA1
NP_461580.1	Q8ZMX5
NP_460603.1	Q8ZP93
NP_461111.1	Q56078
NP_459146.1	Q8ZRT5
NP_460604.1	Q7CQH5
NP_462363.1	Q8ZLL2
NP_461639.1	Q8ZMU0
NP_460605.1	Q8ZP92
NP_463013.1	Q9L9K3
NP_461696.1	Q8ZMN5
NP_462100.1	Q7CPS2
NP_461581.1	Q7CQ05
NP_460313.1	Q8ZPS4
NP_462548.1	Q7CPI4
NP_463278.1	Q8ZK65
NP_462063.1	Q8ZM15
NP_461882.1	Q8ZMD8
NP_459147.1	Q8ZRT4
NP_460399.1	Q8ZPN7
NP_462748.1	Q7CPE8
NP_462178.1	Q8ZLU3
NP_461582.1	P67073
NP_460721.1	Q8ZP36
NP_459403.1	Q7CR39
NP_462288.1	Q8ZLP1
NP_463190.1	Q7CPA1
NP_459618.1	Q8ZR08
NP_463014.1	Q9L9K2
NP_461223.1	Q8ZNG8
NP_461784.1	H9L4A7
NP_463306.1	Q8ZK44
NP_460903.1	H9L4B0
NP_462549.1	Q8ZLA0
NP_462064.1	Q7CPS9
NP_461583.1	Q7CQ04
NP_459619.1	Q8ZR07
NP_461773.1	Q7CPY1
NP_459148.1	Q8ZRT3
NP_459177.1	Q8ZRR9
NP_460137.1	Q8ZQ19
NP_460748.1	Q8ZP24
NP_463302.1	Q7CP82
NP_462550.1	P0A9Y2
NP_461112.1	Q8ZNM7
NP_460099.1	Q8ZQ36
NP_463015.1	P0A1H5
NP_462551.1	Q8ZL99
NP_462065.1	Q7CPS8
NP_460441.1	Q7CQK2
NP_462384.1	P0A2P2
NP_461304.1	Q8ZNC2
NP_461584.1	Q8ZMX4
NP_460606.1	Q8ZP91
NP_459655.1	Q8ZQY3
NP_461585.1	Q8ZMX3
NP_462552.1	Q8ZL98
NP_459149.1	Q7CR79
NP_463016.1	P0A2D3
NP_460100.1	Q8ZQ35
NP_459620.1	Q8ZR06
NP_459835.1	Q8ZQL6
NP_459731.1	Q7CQX0
NP_463017.1	P0AA02
NP_462066.1	Q7CPS7
NP_462553.1	Q8ZL97
NP_462816.1	Q9L6Q9
NP_460607.1	Q7CQH4
NP_461666.1	Q8ZMR5
NP_461113.1	Q8ZNM6
NP_459178.1	Q8ZRR8
NP_461586.1	Q8ZMX2
NP_462067.1	Q8ZM14
NP_462265.1	Q7CPN1
NP_462554.1	Q7CPI3
NP_459621.1	Q7CQZ5
NP_460608.1	Q7CQH3
NP_463018.1	P0A7K0
NP_460609.1	Q8ZP90
NP_459622.1	P63866
NP_459329.1	Q8ZRI5
NP_463053.2	P37586
NP_461774.1	Q7CPY0
NP_460271.1	Q8ZPV0
NP_460610.1	Q8ZP89
NP_462660.1	Q7CPG6
NP_459151.1	P0CL03
NP_463019.1	P0A2A3
NP_459623.1	Q8ZR05
NP_463279.1	Q8ZK64
NP_461314.1	Q8ZNB8
NP_460101.1	P60631
NP_459934.1	Q7CQU5
NP_462555.1	Q8ZL96
NP_462179.1	Q8ZLU2
NP_460184.1	Q8ZQ03
NP_460640.1	Q8ZP65
NP_459152.1	H9L469
NP_461387.1	Q9ZFU5
NP_459879.1	Q8ZQH9
NP_462583.1	Q8ZL69
NP_461115.1	Q7CQ87
NP_460215.1	P23988
NP_459624.1	P0A2H5
NP_463020.1	P0A297
NP_462068.1	Q8ZM13
NP_459625.1	Q8ZR04
NP_459368.1	Q8ZRF8
NP_461170.1	P67714
NP_459421.1	P96065
NP_459153.1	H9L4B4
NP_460102.1	Q8ZQ34
NP_463021.1	P0A299
NP_461224.1	Q8ZNG7
NP_462069.1	Q8ZM12
NP_462667.1	Q8ZL27
NP_460669.1	Q7CQG5
NP_460400.1	Q7CQK8
NP_461117.1	Q7CQ86
NP_462661.1	H9L434
NP_459626.1	Q7CQZ4
NP_459154.1	H9L454
NP_460900.1	H9L4B2
NP_462556.1	Q8ZL95
NP_462070.1	Q8ZM11
NP_459698.1	Q8ZQV7
NP_460314.1	P67197
NP_460103.1	Q8ZQ33
NP_460641.1	P0A2D7
NP_461396.1	P41795
NP_459359.1	P0CL48
NP_462071.1	Q8ZM10
NP_463285.2	Q8ZK58
NP_461146.1	Q8ZNK8
NP_462192.1	Q8ZLT5
NP_462125.1	P07362
NP_461866.1	P40722
NP_462557.1	Q8ZL94
NP_459732.1	Q8ZQT6
NP_461589.1	Q8ZMX1
NP_460235.1	H9L410
NP_459627.2	Q8ZR03
NP_460104.1	Q8ZQ32
NP_459155.1	P0CK99
NP_459812.1	P67710
NP_459813.1	Q8ZQN1
NP_459340.1	Q8ZRH4
NP_462743.1	Q8ZKY3
NP_459628.1	P67537
NP_462073.1	Q7CPS6
NP_462205.1	Q7CPP9
NP_462266.1	Q8ZLP9
NP_462559.1	Q8ZL92
NP_461428.1	Q7CQ22
NP_459405.1	Q7CR37
NP_461697.1	P52619
NP_461775.1	P64419
NP_462181.1	Q8ZLU1
NP_460722.1	Q8ZP35
NP_460151.1	P0A1N8
NP_459656.1	Q7CQY8
NP_459330.1	Q8ZRI4
NP_461305.1	Q7CQ42
NP_460401.1	Q8ZPN6
NP_461776.1	Q8ZMI7
NP_462817.1	Q9L6Q8
NP_462584.1	Q8ZL68
NP_461630.1	Q8ZMU9
NP_462641.1	P0A803
NP_460138.1	Q8ZQ18
NP_459331.1	Q8ZRI3
NP_459437.1	Q8ZRC3
NP_460743.1	Q8ZP27
NP_461225.1	Q8ZNG6
NP_462662.1	P22036
NP_461250.1	Q8ZNE9
NP_460433.1	Q8ZPL5
NP_460652.1	P0A2J5
NP_461820.1	P69343
NP_459179.1	Q8ZRR7
NP_463210.1	Q8ZKB3
NP_460811.1	Q7CQD4
NP_461698.1	P52616
NP_462686.1	P27670
NP_462110.1	P66032
NP_459406.1	P0A1S8
NP_462138.1	Q8ZLX2
NP_461867.1	P17853
NP_463198.1	P64036
NP_460315.1	Q8ZPS3
NP_460222.1	Q8ZPY3
NP_460139.1	Q7CQR2
NP_462102.1	Q7CPS1
NP_463232.1	Q8ZKA0
NP_462182.1	Q7CPQ5
NP_462402.1	Q8ZLJ3
NP_461389.1	Q9ZFU7
NP_462267.1	Q8ZLP8
NP_462365.1	Q8ZLL1
NP_461306.1	Q8ZNC1
NP_460429.1	P40720
NP_460112.1	P0A200
NP_459190.2	Q8ZRQ7
NP_459665.1	Q8ZQY0
NP_459678.1	Q7CQY3
NP_459912.1	Q8ZQF0
NP_462082.1	Q8ZM04
NP_459773.1	Q8ZQQ7
NP_459733.1	Q8ZQT5
NP_463027.1	Q9L9J2
NP_459332.1	Q8ZRI2
NP_462103.1	Q7CPS0
NP_462183.1	P60822
NP_461147.1	Q8ZNK7
NP_459180.1	Q8ZRR6
NP_459730.1	Q7CQX1
NP_462605.1	Q8ZL55
NP_461333.1	Q8ZNA5
NP_459408.1	P0A261
NP_460185.1	Q8ZQ02
NP_462224.1	Q8ZLS2
NP_462763.1	P0A1B7
NP_461868.1	P17845
NP_461307.1	Q8ZNC0
NP_459681.1	Q8ZQX0
NP_462268.1	Q8ZLP7
NP_462184.2	P67349
NP_460904.1	Q8ZNT8
NP_461594.1	Q8ZMW8
NP_460140.1	P37168
NP_459734.1	Q7CQW9
NP_461595.1	Q7CQ00
NP_460723.1	Q8ZP34
NP_462085.1	Q8ZM01
NP_461785.1	H9L416
NP_459212.1	P60217
NP_460812.1	Q8ZNY7
NP_459658.1	O87576
NP_461226.1	Q8ZNG5
NP_461699.1	P03013
NP_459358.1	Q8ZRG0
NP_459815.1	Q8ZQN0
NP_460665.1	P0A2G7
NP_463034.1	Q9L9I6
NP_461390.1	Q9ZFU8
NP_459452.1	Q8ZRB7
NP_461148.1	Q8ZNK6
NP_463035.1	Q9L9I5
NP_463151.1	H9L4A3
NP_462385.1	Q8ZLK5
NP_460905.1	Q7CQB5
NP_461391.1	P0A1C9
NP_460249.1	Q8ZPW4
NP_461631.1	Q8ZMU8
NP_459333.1	Q8ZRI1
NP_462822.1	Q9L6Q4
NP_463199.1	Q8ZKB7
NP_461735.1	P17328
NP_460224.1	Q7CQQ4
NP_459386.1	Q8ZRE7
NP_461419.1	Q7CQ24
NP_460141.1	P37169
NP_460225.1	H9L415
NP_463037.1	P68738
NP_459401.1	Q7CR40
NP_459735.1	Q8ZQT4
NP_462104.1	Q8ZLZ3
NP_459693.1	Q8ZQV9
NP_460956.1	Q8ZNS0
NP_463317.1	Q8ZK39
NP_461601.1	Q8ZMW5
NP_461155.2	P64046
NP_460912.1	P06179
NP_460156.1	Q8ZQ17
NP_460236.1	Q7CQP8
NP_459918.1	Q8ZQE5
NP_460123.1	Q7CQR7
NP_463304.1	Q7CP81
NP_461702.1	Q8ZMN2
NP_463039.1	P0A1R6
NP_459409.1	Q8ZRD6
NP_461603.1	P0A2A1
NP_461308.1	Q7CQ41
NP_461258.2	Q8ZNE4
NP_461716.1	Q8ZMM3
NP_461605.1	P0A2B5
NP_462368.1	Q8ZLK9
NP_459704.1	Q8ZQV4
NP_461265.2	P0A1Y4
NP_461606.1	P0A2A9
NP_463067.1	Q8ZKK3
NP_459904.1	P40784
NP_462744.1	Q9FDH7
NP_460226.1	H9L4A2
NP_459184.1	Q8ZRR2
NP_462105.1	P67470
NP_461186.1	Q8ZNI3
NP_460671.1	Q8ZP52
NP_461342.1	Q8ZNA3
NP_460813.1	Q8ZNY6
NP_459410.1	P0A2M1
NP_460690.1	H9L462
NP_461780.1	P0CL46
NP_460644.1	Q8ZP62
NP_459181.1	Q8ZRR5
NP_459758.1	Q8ZQR8
NP_462663.1	P0CI70
NP_460316.1	Q8ZPS2
NP_459226.1	Q8ZRP2
NP_459679.1	Q8ZQX1
NP_462820.1	P0A189
NP_460289.1	Q7CQN9
NP_463050.1	P51067
NP_463287.1	H9L4C2
NP_460442.1	Q7CQK1
NP_460846.1	H9L440
NP_459253.1	Q8ZRM7
NP_459411.1	Q8ZRD4
NP_460451.1	Q8ZPK4
NP_459659.1	P0A2L3
NP_461251.1	Q8ZNE8
NP_460142.1	P0A1J7
NP_459792.1	Q7CQW5
NP_460907.1	H9L419
NP_461309.1	Q7CQ40
NP_460337.1	Q8ZPQ2
NP_460814.1	Q8ZNY5
NP_460646.1	Q8ZP61
NP_460725.1	Q7CQF0
NP_460405.1	Q8ZPN3
NP_463233.1	Q8ZK99
NP_459176.1	Q8ZRS0
NP_461150.1	Q7CQ78
NP_462099.1	Q8ZLZ5
NP_462664.1	O33787
NP_462857.1	P0A197
NP_460191.1	P0A2F2
NP_463048.1	Q8ZKL4
NP_459182.1	Q8ZRR4
NP_463203.1	Q8ZKB5
NP_459254.1	Q8ZRM6
NP_462271.1	Q8ZLP6
NP_462236.1	Q8ZLR7
NP_459816.1	Q8ZQM9
NP_459428.1	P55880
NP_462354.1	Q8ZLL8
NP_462587.1	Q7CPI0
NP_461310.1	Q8ZNB9
NP_461615.1	Q7CPZ3
NP_459660.1	O87574
NP_461616.1	P0A2L7
NP_462272.1	Q7CPN0
NP_461617.1	Q7CPZ2
NP_460749.1	Q8ZP23
NP_462304.1	Q8ZLN2
NP_461909.1	Q8ZMB8
NP_459334.1	Q8ZRI0
NP_460648.1	Q8ZP60
NP_461618.1	P0A2G1
NP_463286.1	Q8ZK57
NP_459412.1	P66038
NP_462703.1	Q8ZL08
NP_461796.1	P0CL08
NP_463046.1	P40677
NP_462588.1	Q8ZL66
NP_463047.1	P37413
NP_461736.1	P17327
NP_460733.1	P0A1Q6
NP_462665.1	Q8ZL29
NP_462273.1	Q7CPM9
NP_459438.1	Q7CR27
NP_461808.1	P40702
NP_462277.1	Q7CPM6
NP_462746.1	Q8ZKY1
NP_460908.1	P0A210
NP_460647.1	Q7CQG8
NP_461394.1	Q9ZFV2
NP_459335.1	Q8ZRH9
NP_459671.1	Q8ZQX5
NP_462401.2	Q8ZLJ4
NP_462589.1	Q7CPH9
NP_459737.1	P24520
NP_460145.1	P16437
NP_460146.1	P0A1I7
NP_460952.1	Q8ZNS4
NP_460909.1	P0A2E8
NP_460147.1	P0A1I9
NP_461152.1	P33027
NP_461871.1	Q8ZME5
NP_460443.1	Q7CQK0
NP_459185.1	P65662
NP_460152.1	P15930
NP_459764.1	Q8ZQR4
NP_462613.1	P26471
NP_460766.1	Q7CQE3
NP_460408.1	P0A1X0
NP_460780.1	P12680
NP_461315.1	Q8ZNB7
NP_463051.1	Q8ZKL3
NP_461154.1	Q7CQ77
NP_460149.1	P16323
NP_459354.1	Q7CR50
NP_463318.1	Q7CP78
NP_459188.1	Q8ZRQ9
NP_459414.1	P55881
NP_462112.1	P58614
NP_460653.1	P36636
NP_461156.1	Q7CQ76
NP_462821.1	Q8ZKV4
NP_462114.1	Q8ZLY7
NP_460409.1	Q8ZPN1
NP_460654.1	P36638
NP_461172.1	P40709
NP_461157.1	Q8ZNK2
NP_462712.1	Q8ZL00
NP_459836.1	Q8ZQL5
NP_460319.1	Q8ZPR9
NP_462592.1	Q8ZL63
NP_460655.1	Q8ZP58
NP_461717.1	Q8ZMM2
NP_459191.1	P0A1G5
NP_460444.1	Q7CQJ9
NP_461158.1	Q7CQ75
NP_459666.1	Q7CQY5
NP_460154.1	P0A1J5
NP_459192.1	Q8ZRQ6
NP_459667.1	Q8ZQX9
NP_461159.1	Q8ZNK1
NP_462593.1	Q8ZL62
NP_461619.1	Q8ZMV9
NP_459193.1	Q8ZRQ5
NP_460216.1	Q8ZPY8
NP_463054.1	P40730
NP_462823.1	Q9L6Q3
NP_462594.1	Q8ZL61
NP_460155.1	P16326
NP_459668.1	Q8ZQX8
NP_461160.1	Q8ZNK0
NP_461620.1	Q8ZMV8
NP_460659.1	P16657
NP_460320.1	Q8ZPR8
NP_461840.1	Q8ZMG3
NP_462595.1	Q8ZL60
NP_459669.1	Q8ZQX7
NP_462596.1	Q8ZL59
NP_460419.1	Q8ZPM3
NP_462687.1	P27669
NP_460660.1	Q8ZP55
NP_461632.1	Q8ZMU7
NP_463056.1	Q8ZKL2
NP_463057.1	Q7CPB7
NP_462852.1	Q9L6M9
NP_461161.1	Q7CQ74
NP_460729.1	P0A2L9
NP_460410.1	Q8ZPN0
NP_462275.1	Q7CPM8
NP_462606.1	Q8ZL54
NP_459670.1	Q8ZQX6
NP_463058.1	Q8ZKL1
NP_459195.1	Q8ZRQ3
NP_461621.1	Q8ZMV7
NP_460231.1	Q8ZPX8
NP_462117.1	Q8ZLY5
NP_463319.1	P08421
NP_462597.1	Q8ZL58
NP_463201.1	Q8ZKB6
NP_461313.1	Q7CQ37
NP_461231.1	Q8ZNG0
NP_459917.1	H9L481
NP_459292.1	Q93IQ8
NP_461162.1	Q8ZNJ9
NP_463059.1	Q7CPB6
NP_459218.1	Q8ZRP4
NP_462598.1	Q8ZL57
NP_462118.1	Q7CPR8
NP_461163.1	Q8ZNJ8
NP_461622.1	Q8ZMV6
NP_461623.1	Q8ZMV5
NP_461889.1	Q8ZMD2
NP_459250.1	Q8ZRN0
NP_461804.1	Q56026
NP_459196.1	Q8ZRQ2
NP_459293.1	Q8ZRK8
NP_461624.1	Q8ZMV4
NP_462372.1	P06193
NP_463062.1	Q8ZKK8
NP_461164.1	Q7CQ73
NP_460158.1	Q8ZQ15
NP_462120.2	P67388
NP_462600.1	P0A1P2
NP_460818.1	O30646
NP_460232.1	H9L453
NP_461873.1	P64076
NP_459822.1	Q56067
NP_461841.1	Q8ZMG2
NP_463064.1	Q8ZKK6
NP_462601.1	Q7CPH8
NP_459197.1	Q8ZRQ1
NP_462122.1	P67161
NP_460321.1	Q8ZPR7
NP_461232.1	Q7CQ58
NP_459744.1	Q8ZQS8
NP_462602.1	Q7CPH7
NP_460160.1	P0A1T2
NP_462603.1	Q7CPH6
NP_460161.1	P0A7N6
NP_461626.1	Q8ZMV2
NP_459855.1	Q8ZQJ9
NP_461656.1	Q8ZMS4
NP_461438.1	Q8ZN67
NP_462373.1	P20751
NP_460943.1	Q8ZNT0
NP_462298.1	Q8ZLN7
NP_462139.1	Q8ZLX1
NP_460731.1	P40816
NP_461168.1	Q7CQ71
NP_463068.1	Q8ZKK2
NP_460668.1	Q8XFS5
NP_461316.1	Q8ZNB6
NP_463069.1	Q8ZKK1
NP_461872.1	Q7CPW4
NP_462669.1	Q7CPG4
NP_460890.1	Q8ZNU5
NP_461822.1	Q8ZMH8
NP_460860.1	Q7CQC6
NP_461397.1	P0A206
NP_460670.1	P66030
NP_462607.1	Q8ZL53
NP_461171.1	Q7CQ70
NP_463070.1	Q8ZKK0
NP_459208.1	Q8ZRP8
NP_462375.1	P20753
NP_461633.1	Q8ZMU6
NP_463324.1	Q8ZK36
NP_460820.1	Q8ZNY1
NP_462127.1	Q7CPR7
NP_463071.1	Q8ZKJ9
NP_460322.1	Q8ZPR6
NP_462608.1	Q8ZL52
NP_463204.1	P67645
NP_461703.1	Q8ZMN1
NP_460168.1	Q7CQR1
NP_463072.1	Q8ZKJ8
NP_462609.1	P37419
NP_463073.1	Q8ZKJ7
NP_460169.1	Q8ZQ13
NP_461635.1	Q8ZMU4
NP_460935.1	P54698
NP_460732.1	P0A287
NP_459203.1	H9L409
NP_460675.1	Q7CQG3
NP_459699.1	Q8ZQV6
NP_459682.1	Q7CQY1
NP_462130.1	Q8ZLX9
NP_463074.1	Q8ZKJ6
NP_460170.1	P65246
NP_459204.1	H9L4A9
NP_463075.1	Q8ZKJ5
NP_462610.1	P67912
NP_461175.1	Q8ZNJ3
NP_459683.1	Q8ZQW9
NP_460672.1	P06614
NP_461637.1	Q8ZMU2
NP_462670.1	Q7CPG3
NP_459339.1	Q8ZRH5
NP_460171.1	Q8ZQ12
NP_459205.1	Q8ZRP9
NP_461638.1	Q8ZMU1
NP_462611.1	P37421
NP_463076.1	Q8ZKJ4
NP_461786.1	Q8ZMI3
NP_459206.1	O87663
NP_463206.1	Q8ZKB4
NP_460172.1	Q8ZQ11
NP_462278.1	Q7CPM5
NP_460673.1	P0A2I1
NP_462131.1	Q8ZLX8
NP_461640.1	Q8XF29
NP_463094.2	P19576
NP_459684.1	Q8ZQW8
NP_462618.1	P19816
NP_461641.1	Q8ZMT9
NP_461642.1	Q8ZMT8
NP_461177.1	Q8ZNJ1
NP_460173.1	P37439
NP_461178.1	Q8ZNJ0
NP_460413.1	Q8ZPM8
NP_462391.1	Q8ZLK2
NP_463160.1	Q8ZKE4
NP_462825.1	P0A1A7
NP_462751.1	Q8ZKX7
NP_462376.1	Q8ZLK7
NP_462671.1	Q7CPG2
NP_459686.1	Q8ZQW6
NP_461645.1	Q8ZMT5
NP_463077.1	Q8ZKJ3
NP_461646.1	Q8ZMT4
NP_462614.1	P26470
NP_461179.1	Q8ZNI9
NP_463078.1	Q8ZKJ2
NP_462704.1	Q8ZL07
NP_461647.1	Q8ZMT3
NP_461180.1	Q8ZNI8
NP_462765.1	Q8ZKW8
NP_460674.1	Q7CQG4
NP_461787.1	H9L474
NP_459209.2	Q7CR66
NP_462850.1	Q9L6N1
NP_461648.1	Q8ZMT2
NP_459210.1	Q7CR65
NP_459418.1	Q8ZRD0
NP_461181.1	Q8ZNI7
NP_462637.1	Q8ZL44
NP_462615.1	P26473
NP_459856.1	Q8ZQJ8
NP_459821.1	Q8ZQM5
NP_463079.1	Q8ZKJ1
NP_459841.1	Q8ZQL0
NP_459344.1	Q8ZRH1
NP_463080.1	Q8ZKJ0
NP_460676.1	Q7CQG2
NP_462616.1	P26472
NP_460414.1	Q8ZPM7
NP_460175.1	Q7CQR0
NP_460176.1	Q8ZQ09
NP_459687.1	Q8ZQW5
NP_460677.1	P31570
NP_462617.1	P19817
NP_460177.1	Q8ZQ08
NP_463083.1	Q8ZKI7
NP_459213.1	P40733
NP_463207.1	Q7CP97
NP_462752.1	Q7CPE7
NP_459760.1	Q8ZQR7
NP_461874.1	P65921
NP_461737.1	Q8ZML1
NP_463085.1	Q8ZKI5
NP_461190.1	Q8ZNI0
NP_462619.1	Q06994
NP_462387.1	P0DMP3
NP_460180.1	P67366
NP_462137.1	Q8ZLX3
NP_462620.1	P40824
NP_463086.1	Q8ZKI4
NP_462621.1	Q06995
NP_462403.1	P41033
NP_459281.1	Q93IR9
NP_461185.1	Q8ZNI4
NP_460264.1	P40687
NP_461318.1	Q8ZNB4
NP_460238.1	Q8ZPX4
NP_462622.1	H9L435
NP_459341.1	Q8ZRH3
NP_461788.1	P0CL09
NP_459453.1	Q8ZRB6
NP_462779.1	Q8ZKW1
NP_462672.1	Q8ZL25
NP_462279.1	Q8ZLP4
NP_461319.1	Q8ZNB3
NP_460823.1	H9L459
NP_459216.1	Q7CR64
NP_460415.1	Q8ZPM6
NP_460309.1	Q8ZPS7
NP_461235.1	Q8ZNF7
NP_461653.1	Q8ZMS7
NP_461400.1	P41791
NP_459262.1	P0A1G9
NP_460324.1	P58687
NP_461187.1	Q7CQ68
NP_462753.1	P63365
NP_461654.1	Q8ZMS6
NP_461188.1	Q8ZNI2
NP_461655.1	Q8ZMS5
NP_462291.1	Q8ZLP0
NP_463089.1	Q8ZKI2
NP_462195.1	Q8ZLT3
NP_462292.1	Q8ZLN9
NP_462624.1	Q8ZL49
NP_460273.1	Q8ZPU8
NP_462140.1	Q8ZLX0
NP_461401.1	P41790
NP_461189.1	Q8ZNI1
NP_463090.1	Q8ZKI1
NP_460239.1	Q8ZPX3
NP_459692.1	Q8ZQW0
NP_459342.1	H9L417
NP_461351.1	Q8ZN99
NP_462226.1	Q8ZLS0
NP_462141.1	Q7CPR5
NP_460915.1	P0A1N2
NP_462625.1	Q8ZL48
NP_462142.1	Q7CPR4
NP_460448.1	Q8ZPK7
NP_461252.1	Q8ZNE7
NP_460257.1	P65449
NP_462143.1	Q7CPR3
NP_462626.1	O54326
NP_461657.1	Q8ZMS3
NP_462144.1	Q7CPR2
NP_460686.1	P00929
NP_462207.1	P63343
NP_462145.1	Q7CPR1
NP_463091.1	P0A279
NP_462627.1	P0A7P2
NP_461658.1	Q8ZMS2
NP_462146.1	Q8ZLW9
NP_460916.1	P26613
NP_461659.1	Q8ZMS1
NP_462777.2	Q8ZKW3
NP_460936.1	Q7CQB3
NP_463092.1	P26468
NP_462629.1	P65960
NP_461320.1	Q7CQ36
NP_462147.1	Q8ZLW8
NP_460688.1	Q7CQF9
NP_459220.1	P0A1X6
NP_461661.1	Q8ZMR9
NP_461338.1	P37433
NP_462754.1	Q8ZKX6
NP_461430.1	Q8ZN68
NP_461662.1	Q8ZMR8
NP_461663.1	Q8ZMR7
NP_462148.1	Q7CPR0
NP_461875.1	Q8ZME4
NP_461885.1	Q8ZMD5
NP_462149.1	Q8ZLW7
NP_459221.1	P66541
NP_461664.1	Q8ZMR6
NP_459697.1	Q8ZQV8
NP_462631.1	P64008
NP_462705.1	Q8ZL06
NP_463218.1	Q8ZKA6
NP_460240.1	Q7CQP7
NP_461665.1	Q4AAY3
NP_459222.1	P64052
NP_462150.1	Q8ZLW6
NP_460188.1	P61482
NP_462632.1	Q8ZL46
NP_461789.1	Q8ZMI2
NP_461402.1	Q9ZFV4
NP_462827.1	Q9L6Q0
NP_462830.1	Q9L6P8
NP_462633.1	P08870
NP_460692.1	Q7CQF6
NP_462152.1	Q8ZLW5
NP_460217.1	Q8ZPY7
NP_459223.1	P65933
NP_461415.1	Q8ZN78
NP_461197.1	P61378
NP_463225.1	Q7CP96
NP_461899.1	Q7CPW1
NP_461335.1	Q8ZNA4
NP_460693.1	Q8ZP49
NP_462634.1	P0A2C3
NP_463095.1	P19566
NP_459745.1	Q8ZQS7
NP_461667.1	Q8ZMR4
NP_461236.1	Q8ZNF6
NP_459700.1	Q7CQX9
NP_459224.1	P66738
NP_461199.1	Q7CQ61
NP_460190.1	Q8ZPZ9
NP_460694.1	P65197
NP_459301.1	Q8ZRK1
NP_459701.1	Q7CQX8
NP_459439.1	Q7CR26
NP_460325.1	Q8ZPR4
NP_462153.1	Q8ZLW4
NP_461200.1	Q8ZNH8
NP_462635.1	Q7CPH3
NP_463208.1	Q9ZJ12
NP_462843.1	P40724
NP_459225.1	Q8ZRP3
NP_460695.1	P0A1A1
NP_462755.1	Q7CPE6
NP_461668.1	Q8ZMR3
NP_461790.1	P0CL45
NP_459702.1	Q8ZQV5
NP_460696.1	P25945
NP_462636.1	Q8ZL45
NP_461201.1	Q8ZNH7
NP_459703.1	Q7CQX7
NP_461706.1	Q8ZMM8
NP_460825.1	Q8ZNX8
NP_460192.1	P0A2C7
NP_463154.1	Q7CPA4
NP_460697.1	Q7CQF5
NP_462828.1	Q9L6P9
NP_459263.1	Q93IT5
NP_460736.1	P0A1V6
NP_461347.1	Q8ZNA1
NP_460241.1	Q8ZPX2
NP_462325.1	P66073
NP_460735.1	P30753
NP_460861.1	Q7CQC5
NP_459227.1	Q7CR63
NP_459422.1	P96064
NP_460193.1	Q7CQQ6
NP_463098.1	Q8ZKI0
NP_460416.1	Q8ZPM5
NP_462673.1	Q7CPG1
NP_460326.1	Q8ZPR3
NP_459746.1	P58650
NP_460917.1	Q06399
NP_462378.1	P0A229
NP_461237.1	Q8ZNF5
NP_459824.1	Q7CQV5
NP_459228.1	Q8ZRP1
NP_462388.1	Q8ZLK3
NP_461203.1	Q7CQ60
NP_459706.1	Q7CQX6
NP_461791.1	P0CL44
NP_462829.1	P56978
NP_461824.1	Q8ZMH6
NP_461403.1	Q9ZFV5
NP_459264.1	Q8ZRM0
NP_459229.1	Q8ZRP0
NP_462640.1	Q9X6M5
NP_463142.1	Q8ZKF5
NP_460826.1	Q8ZNX7
NP_461238.1	Q8ZNF4
NP_459761.1	Q7CQW7
NP_461673.1	Q8ZMQ8
NP_459230.1	P0A1Z2
NP_462379.1	P25926
NP_459423.1	P96063
NP_462197.1	Q8ZLT2
NP_460827.1	Q8ZNX6
NP_459907.1	P67286
NP_459825.1	Q8ZQM4
NP_460918.2	Q06400
NP_460751.1	Q8ZP21
NP_462756.1	Q8ZKX5
NP_459710.1	Q8ZQU9
NP_459232.1	P0A1H9
NP_460418.1	Q8ZPM4
NP_463104.1	Q8ZKH7
NP_459234.1	Q8ZRN9
NP_463219.1	P26366
NP_461877.1	Q8ZME2
NP_461239.2	Q8ZNF3
NP_459235.1	P0A2C1
NP_460327.1	Q8ZPR2
NP_460707.1	Q7CQF4
NP_460244.1	Q8ZPW9
NP_459712.1	Q8ZQU7
NP_459265.1	Q8ZRL9
NP_461431.1	Q7CQ21
NP_460201.1	P0DM78
NP_462380.1	P25924
NP_462228.1	Q8ZLR9
NP_463323.1	Q8ZK37
NP_463128.1	Q7CPA9
NP_459356.1	Q8ZRG2
NP_462280.1	Q7CPM4
NP_461707.1	Q8ZMM7
NP_461681.1	Q8ZMQ0
NP_462198.1	Q8ZLT1
NP_459715.1	O68883
NP_461794.1	P41784
NP_459424.1	P96062
NP_462675.1	Q7CPG0
NP_459909.1	Q7CQU9
NP_460203.1	Q8ZPZ5
NP_460919.1	P0AA34
NP_459716.1	Q8ZQU4
NP_459747.1	Q8ZQS6
NP_459237.1	P0A1C3
NP_461683.1	Q8ZMP8
NP_460738.1	Q8ZP30
NP_460245.1	Q8ZPW8
NP_459717.1	P63725
NP_463294.1	Q8ZK50
NP_459718.1	Q7CQX5
NP_462199.1	Q9ZF31
NP_460206.1	Q8ZPZ2
NP_460340.1	Q8ZPQ0
NP_463139.1	Q8ZKF7
NP_461240.1	O52324
NP_461323.1	Q8ZNB1
NP_461686.1	Q8ZMP5
NP_460932.1	P54700
NP_460739.2	P0A281
NP_461708.1	Q8ZMM6
NP_460921.1	P26462
NP_460831.1	Q8ZNX2
NP_459826.1	Q8ZQM3
NP_460431.1	O52714
NP_460328.1	Q8ZPR1
NP_461832.1	Q8ZMH0
NP_461324.1	Q7CQ34
NP_459425.1	Q7CR30
NP_460246.1	Q8ZPW7
NP_462833.1	P55886
NP_461325.1	Q8ZNB0
NP_461878.1	Q8ZME1
NP_462676.1	Q8ZL23
NP_459242.1	Q8ZRN4
NP_459243.1	P67551
NP_459454.1	Q8ZRB5
NP_459910.1	Q8ZQF2
NP_463224.1	Q8ZKA4
NP_459244.1	P0A1S6
NP_459266.1	Q93IT2
NP_462758.1	Q8ZKX3
NP_459245.1	Q8ZRN3
NP_459748.1	Q8ZQS5
NP_461241.1	O52325
NP_462724.1	Q8ZKZ5
NP_460247.1	Q8ZPW6
NP_462677.1	Q8ZL22
NP_460740.1	Q7CQE8
NP_460248.1	Q8ZPW5
NP_462282.1	Q7CPM3
NP_463307.1	Q8ZK43
NP_459267.1	Q8ZRL8
NP_462283.1	Q8ZLP3
NP_459839.1	Q8ZQL2
NP_460329.1	Q8ZPR0
NP_460844.1	Q8ZNW1
NP_460832.1	Q8ZNX1
NP_459248.1	Q7CR61
NP_462678.1	Q7CPF9
NP_462834.1	P55888
NP_460954.1	Q8ZNS2
NP_461348.1	Q7CQ29
NP_459426.1	P96060
NP_461901.1	Q7CPV9
NP_461709.1	Q9FA48
NP_460833.1	Q7CQD0
NP_462679.1	Q8ZL21
NP_463288.1	Q8ZK56
NP_461326.1	P58729
NP_459911.1	Q8ZQF1
NP_460762.1	Q8ZP14
NP_462835.1	Q9L6P4
NP_459727.1	Q7CQX2
NP_459728.1	Q8ZQT8
NP_460834.1	Q8ZNX0
NP_459749.1	Q8ZQS4
NP_461694.1	Q8ZMN7
NP_459729.1	Q8ZQT7
NP_459268.1	Q93IT0
NP_460741.1	Q8ZP29
NP_460221.1	Q7CQQ5
NP_459857.1	Q8ZQJ7
NP_463326.1	Q8ZK34
NP_463237.1	Q8ZK95
NP_462180.1	Q7CPQ6
NP_461879.1	H9L438
NP_462284.1	P0A9X6
NP_460446.1	Q7CQJ8
NP_460923.1	P0A1J9
NP_460421.1	Q8ZPM1
NP_459427.1	Q7ZAP3
NP_462200.1	P37430
NP_460223.1	Q8ZPY2
NP_461408.1	Q8ZN83
NP_461242.1	O52326
NP_461710.1	Q8ZMM5
NP_461738.1	Q8ZML0
NP_459751.1	Q8ZQS2
NP_462185.1	Q7CPQ3
NP_462795.1	P40810
NP_461538.1	Q8ZMZ9
NP_462186.1	Q8ZLU0
NP_459828.1	Q7CQV4
NP_460422.1	P65542
NP_460835.1	Q7CQC9
NP_462783.1	P0A2C5
NP_461887.1	P60084
NP_459750.1	Q8ZQS3
NP_459269.1	Q93IS9
NP_461327.1	P0A293
NP_460726.1	Q7CQE9
NP_459357.1	Q8ZRG1
NP_462844.1	Q9L6N7
NP_463140.1	Q8ZKF6
NP_460924.1	P15934
NP_460423.1	Q7CQK6
NP_459256.1	Q8ZRM4
NP_459739.1	P64437
NP_460742.1	Q8ZP28
NP_460250.1	Q8ZPW3
NP_459829.1	Q8ZQM1
NP_460754.1	Q8ZP19
NP_459429.1	P37402
NP_460234.1	Q8ZPX6
NP_461328.1	P67246
NP_459742.1	Q8ZQT0
NP_459259.1	Q8ZRM2
NP_461711.1	P0CL17
NP_462766.1	Q7CPE1
NP_462194.1	Q7CPQ1
NP_459440.1	Q8ZRC2
NP_460356.1	Q7CQM5
NP_460237.1	Q8ZPX5
NP_459261.1	P0A2B9
NP_460734.1	P30752
NP_460847.1	Q8ZNV9
NP_459457.1	Q8ZRB3
NP_460242.1	Q8ZPX1
NP_461329.1	Q8ZNA8
NP_460243.1	Q8ZPX0
NP_462196.1	P66431
NP_463214.1	P65599
NP_459752.1	Q8ZQS1
NP_460251.1	Q8ZPW2
NP_459430.2	Q8ZRC9
NP_460260.1	Q8ZPV7
NP_462837.1	P0A2R8
NP_459830.1	Q7CQV3
NP_461244.1	O52328
NP_460926.1	P0A1K1
NP_463130.1	Q56143
NP_459349.1	Q8ZRG6
NP_459350.1	Q8ZRG5
NP_461349.1	Q9RPF4
NP_459753.1	P22713
NP_460863.1	Q8ZNV1
NP_462286.1	Q7CPM2
NP_461246.1	P37589
NP_461345.1	Q93IM6
NP_461254.1	Q7CQ54
NP_459270.1	Q93IS8
NP_459328.1	Q8ZRI6
NP_459271.1	Q8ZRL7
NP_462203.1	Q8ZLS9
NP_460333.1	Q8ZPQ6
NP_460447.1	Q8ZPK8
NP_459754.1	P22714
NP_462685.1	Q8ZL17
NP_460745.1	Q7CQE7
NP_461886.1	Q8ZMD4
NP_459272.1	H9L425
NP_463136.1	Q7CPA8
NP_460746.1	Q8ZP25
NP_459755.1	P22715
NP_460253.1	Q8ZPW1
NP_459274.1	Q7CR58
NP_461434.3	P74883
NP_459756.1	Q8ZQS0
NP_461800.1	P0CL16
NP_462839.1	Q7CPD6
NP_460254.1	Q8ZPW0
NP_459276.1	Q8ZRL5
NP_459277.1	Q93IS3
NP_460255.1	Q8ZPV9
NP_462840.1	Q9L6P1
NP_462688.1	P27668
NP_459278.1	Q8ZRL4
NP_459279.1	Q93IS1
NP_460256.1	P0A1P0
NP_461718.1	Q8ZMM1
NP_460750.1	Q8ZP22
NP_462689.1	P27667
NP_461255.1	P60195
NP_462208.1	Q8ZLS7
NP_459280.1	Q93IS0
NP_459759.1	Q7CQW8
NP_462690.1	Q8ZL16
NP_463303.1	Q8ZK46
NP_460840.1	Q8ZNW5
NP_463141.1	Q7CPA7
NP_461719.1	Q8ZMM0
NP_461416.1	Q8ZN77
NP_460928.1	P26417
NP_460258.1	Q7CQP5
NP_462691.1	Q7CPF6
NP_460752.1	Q8ZP20
NP_462210.1	P64281
NP_460259.1	Q8ZPV8
NP_459762.1	Q8ZQR6
NP_461720.1	Q7CPZ1
NP_462211.1	Q8ZLS6
NP_459282.1	Q8ZRL3
NP_461256.1	Q8ZNE6
NP_462692.1	Q7CPF5
NP_461721.1	Q8ZML9
NP_459283.1	Q8ZRL2
NP_460753.1	Q7CQE5
NP_460261.1	Q8ZPV6
NP_462212.1	Q8ZLS5
NP_461257.1	Q8ZNE5
NP_463145.1	Q8ZKF2
NP_461723.1	Q8ZML8
NP_462693.1	Q7CPF4
NP_461724.1	Q8ZML7
NP_460755.1	Q7CQE4
NP_462694.1	Q7CPF3
NP_462841.2	P0A1U0
NP_461725.1	P0A1S4
NP_462695.1	Q8ZL15
NP_460756.1	Q8ZP18
NP_459765.1	Q8ZQR3
NP_460334.1	Q8ZPQ5
NP_460262.1	Q7CQP4
NP_462213.1	P66131
NP_461726.1	Q8ZML6
NP_460757.1	P65524
NP_460263.1	Q8ZPV5
NP_462214.1	Q7CPP7
NP_461727.1	Q8ZML5
NP_459766.1	Q8ZQR2
NP_462215.1	Q7CPP6
NP_459284.1	Q93IR6
NP_462696.1	Q7CPF2
NP_461728.1	Q8ZML4
NP_462842.1	P0A231
NP_459285.1	Q93IR5
NP_460758.1	P06191
NP_461259.1	Q8ZNE3
NP_459767.1	Q8ZQR1
NP_462764.1	Q7CPE2
NP_462216.1	H9L4B3
NP_459286.1	Q93IR4
NP_460312.1	Q7CQN6
NP_463188.1	Q7CPA2
NP_462699.1	Q8ZL12
NP_459768.1	Q8ZQR0
NP_460759.1	Q8ZP17
NP_459287.1	Q8ZRL1
NP_460265.1	P15111
NP_461883.1	Q8ZMD7
NP_461731.1	Q56108
NP_462218.1	Q7CPP5
NP_461732.1	Q56109
NP_462219.1	Q7CPP4
NP_462220.1	Q7CPP3
NP_460266.1	Q8ZPV4
NP_460267.1	Q8ZPV3
NP_459288.1	Q7CR57
NP_462230.1	P26979
NP_461261.1	Q7CQ53
NP_462222.1	Q7CPP1
NP_461262.1	Q7CQ52
NP_459877.1	Q8ZQI1
NP_461384.2	P63423
NP_460335.1	Q8ZPQ4
NP_460761.1	Q8ZP15
NP_462702.1	Q8ZL09
NP_461263.1	Q7CQ51
NP_460269.1	Q8ZPV2
NP_459770.1	Q8ZQQ8
NP_460343.1	P77983
NP_459771.1	P12677
NP_460944.1	Q8ZNS9
NP_460270.1	Q8ZPV1
NP_463153.1	Q8ZKE5
NP_459445.1	Q8ZRC0
NP_463238.3	Q8ZK94
NP_460763.1	P63993
NP_459772.1	P12678
NP_460764.1	Q8ZP13
NP_460765.1	P64267
NP_462706.1	Q8ZL05
NP_462227.1	Q7CPP0
NP_459290.1	Q8ZRK9
NP_460272.1	Q8ZPU9
NP_462707.1	Q8ZL04
NP_461433.1	P0A2M5
NP_462229.1	Q7CPN9
NP_460933.1	P0A1L5
NP_459774.1	Q8ZQQ6
NP_460768.1	Q7CQE2
NP_460769.1	Q8ZP11
NP_459775.1	Q8ZQQ5
NP_461267.1	P0A1Y8
NP_460770.1	P65359
NP_461268.1	P0A1Y6
NP_462708.3	Q8ZL03
NP_463157.1	P36556
NP_461739.1	Q7CPY9
NP_460336.1	Q8ZPQ3
NP_462709.3	Q7CPF1
NP_460274.1	Q8ZPU7
NP_460934.1	P54702
NP_460771.1	Q8ZP10
NP_459776.1	Q8ZQQ4
NP_462231.1	P26983
NP_461740.1	Q8ZMK9
NP_462782.1	Q7CPD9
NP_460275.1	Q8ZPU6
NP_462710.1	Q8ZL02
NP_462232.1	Q7CPN8
NP_460772.1	P65363
NP_461828.1	Q8ZMH3
NP_462711.1	Q8ZL01
NP_460773.1	Q8ZP09
NP_462233.1	Q8ZLR8
NP_461269.1	Q7CQ50
NP_460276.1	Q8ZPU5
NP_461741.1	Q8ZMK8
NP_461884.1	Q8ZMD6
NP_462234.1	Q7CPN7
NP_461270.1	Q7CQ49
NP_459297.1	Q8ZRK4
NP_462235.1	Q7CPN6
NP_460277.1	Q7CQP3
NP_459778.1	Q8ZQQ2
NP_461805.1	P0CL47
NP_461271.1	Q7CQ48
NP_459298.1	Q8ZRK3
NP_461334.1	Q7CQ32
NP_461272.1	Q8ZNE1
NP_461742.1	Q8ZMK7
NP_460278.1	Q7CQP2
NP_459299.1	Q8ZRK2
NP_460279.1	Q8ZPU4
NP_462237.1	Q8ZLR6
NP_460775.1	Q7CQE1
NP_463231.1	Q8ZKA1
NP_462238.1	Q8ZLR5
NP_462728.1	Q8ZKZ1
NP_461743.1	Q9L4T0
NP_460776.1	Q7CQE0
NP_461273.1	Q7CQ47
NP_460280.1	Q8ZPU3
NP_460281.1	Q7CQP1
NP_460777.1	Q7CQD9
NP_459300.1	Q7CR56
NP_461274.1	Q8ZNE0
NP_460282.1	Q8ZPU2
NP_459780.1	P65386
NP_461745.1	Q7CPY8
NP_459937.1	Q8ZQD4
NP_459781.1	Q7CQW6
NP_460283.1	Q8ZPU1
NP_459782.1	Q8ZQQ1
NP_460779.1	P0A2M3
NP_462719.1	Q8ZKZ9
NP_459784.1	P65398
NP_459302.1	P37459
NP_460865.1	Q8ZNU9
NP_461277.1	P60817
NP_462845.1	Q9L6N6
NP_951051.1	P0C0T3
NP_459305.1	Q7CR55
NP_460285.1	Q8ZPU0
NP_462293.1	P67688
NP_462768.1	Q7CPE4
NP_461806.1	Q56019
NP_462333.1	P60626
NP_460940.1	Q8ZNT3
NP_460937.1	P65417
NP_459837.1	Q8ZQL4
NP_462846.1	Q9L6N5
NP_461336.1	P06185
NP_460339.1	Q8ZPQ1
NP_463221.1	P37724
NP_461755.1	Q8ZMK1
NP_461285.1	Q7CQ44
NP_460295.1	Q8ZPT2
NP_462770.1	Q7CPE3
NP_462847.1	Q9L6N4
NP_461759.2	Q8ZMJ9
NP_461404.1	P0A208
NP_461289.1	Q7CQ43
NP_460794.1	Q7CQD6
NP_463311.1	Q7CP79
NP_462730.1	Q8ZKY9
NP_460795.1	P64501
NP_460796.1	Q7CQD5
NP_459316.1	Q7CR52
NP_463222.1	P0A1R0
NP_463312.1	Q9L645
NP_461337.1	P06184
NP_460341.1	Q8ZPP9
NP_459801.1	Q7CQW3
NP_459802.1	Q8ZQN5
NP_462254.1	P66643
NP_462255.1	P0AA13
NP_459803.1	Q8ZQN4
NP_459921.1	P67649
NP_463223.1	Q8ZKA5
NP_462305.1	Q8ZLN1
NP_461343.1	Q8ZNA2
NP_461809.1	P40701
NP_460305.1	P0A1S0
NP_459322.1	Q8ZRJ2
NP_460803.1	Q8ZNZ5
NP_463185.1	Q8ZKC5
NP_461722.1	Q7CPZ0
NP_462393.1	Q8ZLK0
NP_462297.1	Q8ZLN8
NP_462849.1	P0A2Q4
NP_459842.1	Q8ZQK9
NP_463239.1	Q8ZK93
NP_459860.1	Q8ZQJ4
NP_460807.1	Q8ZNZ1
NP_460808.1	Q8ZNZ0
NP_460809.1	Q8ZNY9
NP_460810.1	Q8ZNY8
NP_462395.1	Q8ZLJ8
NP_459814.1	Q7CQV7
NP_461777.1	Q7CPX9
NP_460941.1	Q8ZNT2
NP_461417.1	Q8ZN76
NP_460344.1	Q8ZPP8
NP_462270.1	P0A1B3
NP_462296.1	Q7CPL9
NP_460317.1	Q8ZPS1
NP_460318.1	Q8ZPS0
NP_461781.1	Q8ZMI4
NP_460942.1	Q8ZNT1
NP_461418.1	Q8ZN75
NP_461812.1	P40699
NP_460434.1	Q8ZPL4
NP_459846.1	Q8ZQK5
NP_463200.1	Q7CP99
NP_459337.1	Q8ZRH7
NP_462276.1	Q7CPM7
NP_460819.1	Q7CQD3
NP_461813.1	P40613
NP_462774.1	Q7CPE0
NP_459843.1	Q8ZQK8
NP_460345.1	Q8ZPP7
NP_461420.1	Q8ZN74
NP_459924.1	Q8ZQE2
NP_460822.1	H9L4C6
NP_459443.1	P66932
NP_462299.1	Q8ZLN6
NP_459343.1	Q8ZRH2
NP_462775.1	Q8ZKW5
NP_461814.1	P40612
NP_460849.2	Q8ZNV7
NP_460824.1	Q8ZNX9
NP_461435.1	H9L487
NP_459360.1	Q8ZRF9
NP_462864.1	Q9L6L9
NP_461792.1	P41786
NP_461340.1	P12681
NP_461793.1	P41785
NP_462776.1	Q8ZKW4
NP_461322.1	Q7CQ35
NP_460850.1	Q8ZNV6
NP_459925.1	Q8ZQE1
NP_460829.1	Q8ZNX4
NP_460830.1	Q8ZNX3
NP_461892.2	Q8ZMC9
NP_462281.1	P58630
NP_460346.1	H9L4C4
NP_459844.1	Q8ZQK7
NP_462300.1	Q8ZLN5
NP_461815.1	P0A1B9
NP_459361.1	Q7CR49
NP_459827.1	Q8ZQM2
NP_460435.1	Q8ZPL3
NP_461893.1	Q8ZMC8
NP_459444.1	P0A1D7
NP_459926.1	Q8ZQE0
NP_459362.1	P74839
NP_463241.1	Q8ZK91
NP_460347.1	H9L428
NP_460851.1	P66755
NP_460453.1	Q8ZPK2
NP_460436.1	Q8ZPL2
NP_460332.1	Q8ZPQ7
NP_462786.1	Q8ZKV6
NP_459831.1	Q8ZQM0
NP_460839.1	Q8ZNW6
NP_461421.1	Q8ZN73
NP_460437.1	Q7CQK4
NP_459845.1	Q8ZQK6
NP_459833.1	Q8ZQL8
NP_461341.1	Q7CQ31
NP_459927.1	Q8ZQD9
NP_459834.1	Q8ZQL7
NP_462289.1	Q7CPM1
NP_461332.1	Q7CQ33
NP_462301.1	Q8ZLN4
NP_461894.1	Q8ZMC7
NP_460852.1	P66746
NP_460843.1	Q8ZNW2
NP_461908.1	Q8ZMB9
NP_460450.2	Q8ZPK5
NP_462767.1	Q7CPE5
NP_462294.1	P0A2R6
NP_461807.1	P69066
NP_462771.1	Q8ZKW7
NP_462295.1	P0A6R6
NP_460342.1	Q7CQN4
NP_462772.3	P64237
NP_459928.1	Q7CQU6
NP_461810.1	P0A1L7
NP_459363.1	Q56062
NP_463226.1	Q7CP95
NP_461816.1	P0A1N0
NP_462854.1	P0A2B7
NP_461423.1	Q8ZN72
NP_461830.1	P0A1Y0
NP_460854.1	Q8ZNV4
NP_461890.1	Q8ZMD1
NP_462302.1	Q7CPL8
NP_459365.1	P74840
NP_459848.1	Q8ZQK3
NP_461344.1	Q93IM5
NP_460349.1	Q9Z4S7
NP_459850.1	Q8ZQK2
NP_462780.1	Q8ZKW0
NP_460857.1	Q8ZNV3
NP_460350.1	Q7CQM9
NP_459852.1	P0A2U2
NP_461821.1	P0CL43
NP_461346.1	H9L492
NP_461436.1	O86090
NP_459367.1	Q7CR48
NP_461424.1	Q8ZN71
NP_459854.1	Q8ZQK0
NP_461823.1	Q8ZMH7
NP_460859.1	Q7CQC7
NP_463330.1	P0A1U6
NP_460353.1	P0A1T4
NP_462784.1	Q8ZKV8
NP_461825.1	Q8ZMH5
NP_461826.1	Q7CPW9
NP_460862.1	Q7CQC4
NP_462785.1	Q8ZKV7
NP_460355.1	H9L471
NP_462303.1	Q8ZLN3
NP_463240.1	Q8ZK92
NP_461829.1	Q8ZMH2
NP_461350.1	Q8ZNA0
NP_459369.1	Q8ZRF7
NP_459858.1	Q8ZQJ6
NP_462856.1	Q9L6M5
NP_462306.1	Q8ZLN0
NP_462787.1	Q8ZKV5
NP_462307.1	Q8ZLM9
NP_463243.1	Q7CP92
NP_462308.1	P66822
NP_460866.1	P0CL51
NP_462309.1	Q8ZLM8
NP_459371.1	Q8ZRF5
NP_462310.1	Q8ZLM7
NP_460358.1	P0CZ04
NP_461831.1	Q8ZMH1
NP_459861.1	Q8ZQJ3
NP_459372.1	Q8ZRF4
NP_462311.1	Q8ZLM6
NP_460867.1	P0CL14
NP_459862.1	Q8ZQJ2
NP_461352.1	Q7CQ28
NP_461353.1	Q8ZN98
NP_461427.1	Q8ZN69
NP_459373.1	Q7CR47
NP_461354.1	P0A2K3
NP_459374.1	Q8ZRF3
NP_460360.1	Q8ZPP4
NP_459375.1	P0A1F0
NP_460868.1	Q8ZNU8
NP_459863.1	Q7CQV2
NP_460361.1	H9L4A0
NP_459864.1	Q8ZQJ1
NP_459376.1	Q8ZRF2
NP_460869.1	P0A1N4
NP_460362.1	O84944
NP_459865.1	Q7CQV1
NP_460363.1	Q7BVH7
NP_462788.2	P0A2Q0
NP_462314.1	P0A1X8
NP_459377.1	Q8ZRF1
NP_459866.1	Q8XG72
NP_462316.1	Q8ZLM3
NP_463252.1	P66593
NP_462789.1	Q7CPD8
NP_462317.1	Q8ZLM2
NP_459378.2	Q7CR46
NP_462319.1	P0A7Z7
NP_462320.1	O54297
NP_460368.1	H9L491
NP_462321.1	O54296
NP_461897.1	Q8ZMC4
NP_460873.1	P0A2D5
NP_462324.1	Q8ZLM0
NP_460371.1	H9L4C5
NP_459872.1	Q8ZQI6
NP_462867.1	P0A2H7
NP_459384.1	Q8ZRE9
NP_459873.1	Q8ZQI5
NP_462326.1	P0A2A7
NP_462328.1	Q7CPL6
NP_461898.1	Q7CPW2
NP_462330.1	P0A7X0
NP_462331.3	P66409
NP_462332.1	P62405
NP_462859.1	P57048
NP_462797.1	Q9L6S7
NP_462798.1	Q9L6S6
NP_459450.1	Q7CR23
NP_461848.1	P66881
NP_462339.1	P61179
NP_459878.1	Q8ZQI0
NP_462340.1	P66491
NP_460882.1	P0A2R2
NP_462801.1	P0A265
NP_462342.1	Q7CPL3
NP_459451.1	Q7CR22
NP_462343.1	P60726
NP_462802.1	Q9L6S2
NP_461368.1	P0A283
NP_461852.1	P64162
NP_461369.1	Q8ZN88
NP_462861.3	Q9L6M2
Q7BM06
NP_462349.1	P0A1H5
NP_462404.1	P08982
NP_461900.1	Q7CPW0
NP_460888.1	Q7CQC2
NP_462806.1	P0AA28
NP_459935.1	P0A2S0
NP_462351.1	P0A2B3
NP_462352.1	P0A7S6
NP_461858.1	Q8ZMF3
NP_461432.1	H9L4A5
NP_460445.2	Q8ZPK9
NP_462358.1	Q8ZLL5
NP_460014.1	Q8ZQ88
NP_462360.1	Q7CPL1
NP_462813.1	Q9L6R2
NP_462863.1	Q9L6M0
NP_462362.1	P65510
NP_462405.1	P0AA19
NP_462364.1	Q7CPL0
NP_460902.1	Q7CQB7
NP_461903.1	Q8ZMC3
NP_462818.1	P37458
NP_460687.1	Q7CQG0
NP_462367.1	Q7CPK9
NP_463329.1	Q08016
NP_460406.1	Q8ZPN2
NP_461870.1	Q7CPW5
NP_460958.1	Q8ZNR8
NP_462374.1	P37771
NP_459419.1	P67458
NP_462865.1	Q9L6L8
NP_460914.1	P26609
NP_462826.1	Q8ZKV3
NP_461405.1	Q9ZFV7
NP_462831.1	P0A1T6
NP_462866.1	Q8ZKV1
NP_462832.2	P0A1F2
NP_460449.1	Q8ZPK6
NP_460424.3	Q7CQK5
NP_462838.1	P0A1T8
NP_461907.1	Q8ZMC0
NP_462409.1	P74884
NP_462386.1	Q8ZLK4
NP_459436.1	Q7CR28
NP_462868.1	Q9L6L5
NP_459460.1	Q8ZRB2
NP_462389.1	P77980
NP_462390.1	P63601
NP_463310.1	Q7CP80
NP_459920.1	Q7CQU7
NP_462848.1	P0A1U2
NP_459939.1	P67563
NP_461437.1	P0A269
NP_462392.1	Q8ZLK1
NP_459442.1	Q7CR25
NP_460945.1	Q8ZNS8
NP_462853.1	P0A1F6
NP_460452.1	Q8ZPK3
NP_462399.1	Q8ZLJ6
NP_459447.1	P0A1R8
NP_461426.1	Q7CQ23
NP_462858.1	P0A2H3
NP_462869.1	Q7CPD4
NP_463321.1	P0A1W0
NP_459449.1	Q7CR24
NP_462860.1	Q7CPD5
NP_462862.1	Q9L6M1
NP_462412.1	Q8ZLI9
NP_461902.1	Q7CPV8
NP_462406.1	Q8ZLJ2
NP_461904.1	Q7CPV7
NP_459455.1	Q7CR21
NP_462413.1	Q8ZLI8
NP_461906.1	Q8ZMC1
NP_462870.1	Q9L6L3
NP_462408.1	Q7CPK6
NP_459458.1	Q7CR20
NP_460455.1	Q8ZPK0
NP_462414.1	Q8ZLI7
NP_461441.1	Q8ZN64
NP_461440.1	Q8ZN65
