NP_459021.1	Q8ZS11
NP_459007.1	Q8ZS19
NP_459024.1	Q8ZS08
NP_459017.1	Q56073
NP_459014.1	Q7CRA2
NP_459023.1	Q8ZS09
NP_459019.1	Q8ZS13
NP_459657.1	Q9ZF60
NP_460980.1	P29946
NP_460024.1	Q8ZQ81
NP_459818.1	Q8ZQM7
NP_461817.1	P0A1I3
NP_461518.1	P0A1W4
NP_461370.1	P40192
NP_461362.1	Q8ZN89
NP_460008.1	Q8ZQ94
NP_462294.1	P0A2R6
NP_461530.1	Q8ZN07
NP_460673.1	P0A2I1
NP_460660.1	Q8ZP55
NP_462850.1	Q9L6N1
NP_459942.1	Q7CQU2
NP_460885.1	P0CL06
NP_463100.1	Q8ZKH9
NP_463067.1	Q8ZKK3
NP_460634.1	Q8ZP71
NP_460420.1	Q8ZPM2
NP_460791.1	Q8ZNZ9
NP_460326.1	Q8ZPR3
NP_460255.1	Q8ZPV9
NP_459732.1	Q8ZQT6
NP_461872.1	Q7CPW4
NP_460499.1	Q8ZPG9
NP_459948.1	Q7CQU1
NP_459355.1	Q8ZRG3
NP_459040.1	Q8ZRZ7
NP_460617.1	Q8ZP85
NP_461834.1	Q8ZMG8
NP_463154.1	Q7CPA4
NP_461134.1	P23924
NP_462053.1	Q8ZM22
NP_459492.1	Q8ZR96
NP_460032.1	P25468
NP_459515.1	Q8ZR82
NP_460903.1	H9L4B0
NP_462571.1	Q7CPI2
NP_462915.1	Q7CPC6
NP_460561.1	Q9KIB9
NP_462401.2	Q8ZLJ4
NP_459053.1	Q7CR92
NP_459241.1	Q8ZRN5
NP_463260.1	Q8ZK76
NP_463022.1	P06173
NP_460480.1	P0A2T4
NP_462187.1	Q7CPQ2
NP_462656.1	H9L455
NP_461541.1	Q8ZMZ6
NP_462728.1	Q8ZKZ1
NP_460263.1	Q8ZPV5
NP_459626.1	Q7CQZ4
NP_461258.2	Q8ZNE4
NP_463215.3	Q8ZKA9
NP_460543.1	P40812
NP_460375.1	Q8ZPP3
NP_462365.1	Q8ZLL1
NP_460025.1	Q8ZQ80
NP_462498.1	Q8ZLD4
NP_462795.1	P40810
NP_461524.1	Q8ZN13
NP_460806.1	Q8ZNZ2
NP_461509.1	Q8ZN22
NP_459455.1	Q7CR21
NP_459530.1	Q8ZR69
NP_463221.1	P37724
NP_460589.1	Q8ZPA5
NP_460912.1	P06179
NP_460439.1	Q8ZPL0
NP_459601.1	P19480
NP_462639.1	Q8ZL42
NP_459772.1	P12678
NP_460667.1	Q7CQG6
NP_460682.1	P00898
NP_462015.1	Q8ZM48
NP_462994.1	Q8ZKM4
NP_462226.1	Q8ZLS0
NP_459269.1	Q93IS9
NP_459714.1	Q8ZQU5
NP_463204.1	P67645
NP_459676.1	Q8ZQX3
NP_460700.1	Q8ZP47
NP_460999.1	Q9XDM8
NP_460340.1	Q8ZPQ0
NP_460097.1	P10502
NP_460518.1	Q8ZPF1
NP_463381.1	Q8ZJZ0
NP_459110.1	Q8ZRV3
NP_459811.1	Q8ZQN2
NP_459328.1	Q8ZRI6
NP_463274.1	Q8ZK68
NP_459299.1	Q8ZRK2
NP_459650.1	Q8ZQY7
NP_463109.1	Q7CPB1
NP_459797.1	Q8ZQN9
NP_461449.1	Q8ZN56
NP_460271.1	Q8ZPV0
NP_462985.1	Q8ZKN1
NP_460140.1	P37168
NP_459059.1	Q8ZRY4
NP_460853.1	Q8ZNV5
NP_459046.1	Q8ZRZ2
NP_462818.1	P37458
NP_462946.1	Q8ZKR3
NP_459318.1	P65792
NP_461527.1	Q8ZN10
NP_461501.1	Q8ZN29
NP_462033.1	Q93DX1
NP_459284.1	Q93IR6
NP_459665.1	Q8ZQY0
NP_459790.1	Q8ZQP4
NP_462585.1	Q7CPI1
NP_462504.1	Q8ZLC8
NP_459091.1	Q8ZRW2
NP_460020.1	H9L422
NP_462539.1	P43662
NP_462930.1	P40865
NP_461204.1	Q8ZNH5
NP_461169.1	Q8ZNJ6
NP_461227.1	Q8ZNG4
NP_462865.1	Q9L6L8
NP_461606.1	P0A2A9
NP_459098.1	Q8ZRW0
NP_462871.1	Q9L6L2
NP_459035.1	Q8ZS01
NP_462415.1	Q8ZLI6
NP_462238.1	Q8ZLR5
NP_460827.1	Q8ZNX6
NP_462469.1	Q7CPJ7
NP_461681.1	Q8ZMQ0
NP_459154.1	H9L454
NP_460862.1	Q7CQC4
NP_459936.1	Q8ZQD5
NP_459456.1	Q8ZRB4
NP_459253.1	Q8ZRM7
NP_460296.1	Q8ZPT1
NP_461111.1	Q56078
NP_461667.1	Q8ZMR4
NP_459856.1	Q8ZQJ8
NP_460605.1	Q8ZP92
NP_459054.1	P58679
NP_463126.1	Q8ZKG6
NP_460355.1	H9L471
NP_459751.1	Q8ZQS2
NP_461280.1	Q8ZND6
NP_462916.1	Q8ZKS9
NP_460304.1	P15434
NP_462991.1	Q8ZKM7
NP_459082.1	Q8ZRW9
NP_461633.1	Q8ZMU6
NP_460121.1	P67557
NP_459131.1	Q8ZRU4
NP_460320.1	Q8ZPR8
NP_463410.1	Q8ZJW8
NP_460488.1	Q8ZPH9
NP_462611.1	P37421
NP_462939.1	Q7CPC3
NP_461465.1	Q8ZN48
NP_462803.1	Q9L6S1
NP_463435.1	P24517
NP_461999.1	Q8ZM58
NP_463184.1	P26976
NP_461777.1	Q7CPX9
NP_460955.1	Q8ZNS1
NP_463349.1	Q8ZK17
NP_459517.1	Q8ZR80
NP_461252.1	Q8ZNE7
NP_461288.1	P65559
NP_461800.1	P0CL16
NP_461448.1	Q8ZN57
NP_460330.1	Q8ZPQ9
NP_460742.1	Q8ZP28
NP_461491.1	P26353
NP_462876.1	Q8ZKU8
NP_459758.1	Q8ZQR8
NP_461843.1	Q8ZMG0
NP_460067.1	Q8ZQ55
NP_461103.1	Q8ZNN2
NP_460181.1	Q8ZQ05
NP_462704.1	Q8ZL07
NP_459690.1	Q8ZQW2
NP_460310.1	Q8ZPS6
NP_462432.1	Q8ZLH0
NP_462647.1	Q7CPH2
NP_459798.1	Q8ZQN8
NP_459721.1	Q8ZQU1
NP_459910.1	Q8ZQF2
NP_461142.1	Q8ZNL2
NP_462258.1	Q8ZLQ1
NP_460210.1	Q56032
NP_459417.1	Q8ZRD1
NP_462956.1	Q8ZKQ3
NP_462087.1	P0A1C5
NP_461467.1	Q8ZN46
NP_462592.1	Q8ZL63
NP_460021.1	Q8ZQ84
NP_461631.1	Q8ZMU8
NP_462095.1	Q7CPS3
NP_462712.1	Q8ZL00
NP_460989.1	Q8ZNR6
NP_462681.1	Q8ZL19
NP_461519.1	Q8ZN18
NP_460327.1	Q8ZPR2
NP_462540.1	P43661
NP_461390.1	Q9ZFU8
NP_461564.1	Q4AAZ0
NP_462792.1	Q9L6T2
NP_462280.1	Q7CPM4
NP_459200.1	H9L482
NP_461094.1	Q8ZNN7
NP_461435.1	H9L487
NP_462041.1	Q8ZM30
NP_459222.1	P64052
NP_461287.1	Q8ZND1
NP_461759.2	Q8ZMJ9
NP_459472.1	Q7CR15
NP_460465.1	Q8ZPJ1
NP_462672.1	Q8ZL25
NP_461648.1	Q8ZMT2
NP_462049.1	Q7CPT3
NP_463223.1	Q8ZKA5
NP_461058.1	H9L436
NP_459290.1	Q8ZRK9
NP_462266.1	Q8ZLP9
NP_459506.1	Q8ZR89
NP_460457.1	Q8ZPJ8
NP_461878.1	Q8ZME1
NP_461862.1	Q8ZME9
NP_461551.1	Q8ZMY6
NP_462664.1	O33787
NP_460973.1	Q05631
NP_461014.1	Q7CQB0
NP_459698.1	Q8ZQV7
NP_462017.1	Q7CPT8
NP_459619.1	Q8ZR07
NP_459337.1	Q8ZRH7
NP_459487.1	Q8ZR99
NP_460877.1	P06110
NP_463081.1	Q8ZKI9
NP_459575.1	Q8ZR41
NP_460683.1	P00905
NP_459825.1	Q8ZQM4
NP_461911.1	Q8ZMB6
NP_460567.1	Q8ZPC3
NP_461566.1	Q4AAY8
NP_461178.1	Q8ZNJ0
NP_460404.1	Q8ZPN4
NP_459840.1	Q8ZQL1
NP_459147.1	Q8ZRT4
NP_460657.1	Q8ZP56
NP_460314.1	P67197
NP_460083.1	Q9F0N8
NP_463393.1	Q8ZJY3
NP_460526.1	Q7CQI9
NP_463354.1	Q8ZK12
NP_463140.1	Q8ZKF6
NP_459969.1	Q935S7
NP_460619.2	P0A2T8
NP_460228.1	Q8ZPY1
NP_461953.1	Q8ZM84
NP_462208.1	Q8ZLS7
NP_461766.1	Q8ZMJ3
NP_459330.1	Q8ZRI4
NP_459677.1	Q8ZQX2
NP_462953.1	Q8ZKQ6
NP_460288.1	Q8ZPT7
NP_460557.1	Q8ZPC8
NP_460553.1	H9L472
NP_459229.1	Q8ZRP0
NP_461381.1	Q7CQ27
NP_461044.1	P26389
NP_459885.1	Q8ZQH3
NP_462652.1	Q8ZL33
NP_460612.1	Q7CQH2
NP_462035.1	Q93DX3
NP_461459.1	Q8ZN53
NP_459564.1	Q8ZR50
NP_461414.1	Q8ZN79
NP_461945.1	Q8ZM90
NP_459995.1	Q8ZQA6
NP_460653.1	P36636
NP_459769.1	Q8ZQQ9
NP_460545.1	Q8ZPD6
NP_462189.1	Q8ZLT8
NP_460887.1	Q8ZNU7
NP_463161.1	Q8ZKE3
NP_463094.2	P19576
NP_463314.1	Q8ZK40
NP_459760.1	Q8ZQR7
NP_459813.1	Q8ZQN1
NP_459866.1	Q8XG72
NP_462662.1	P22036
NP_462104.1	Q8ZLZ3
NP_462786.1	Q8ZKV6
NP_461299.1	Q8ZNC7
NP_462102.1	Q7CPS1
NP_462928.1	P27030
NP_461829.1	Q8ZMH2
NP_462607.1	Q8ZL53
NP_459255.1	Q8ZRM5
NP_461542.1	Q8ZMZ5
NP_462564.1	Q8ZL87
NP_459331.1	Q8ZRI3
NP_462517.1	Q8ZLB8
NP_461632.1	Q8ZMU7
NP_463389.1	Q8ZJY6
NP_462071.1	Q8ZM10
NP_459448.1	Q8ZRB8
NP_459532.1	Q8ZR68
NP_461313.1	Q7CQ37
NP_459745.1	Q8ZQS7
NP_461591.1	Q7CQ01
NP_460576.1	Q8ZPB7
NP_463320.1	P0A1Z4
NP_459884.1	Q8ZQH4
NP_463449.1	Q8ZJU1
NP_462699.1	Q8ZL12
NP_462086.1	P40800
NP_462967.1	Q8ZKP3
NP_463307.1	Q8ZK43
NP_461363.1	P0A2N6
NP_460537.1	Q8ZPE0
NP_459427.1	Q7ZAP3
NP_463134.1	Q8ZKG1
NP_460272.1	Q8ZPU9
NP_462470.1	Q8ZLF0
NP_459036.1	Q8ZS00
NP_463383.1	P06187
NP_461498.1	Q8ZN31
NP_459280.1	Q93IS0
NP_459208.1	Q8ZRP8
NP_461259.1	Q8ZNE3
NP_461197.1	P61378
NP_459190.2	Q8ZRQ7
NP_461356.1	Q8ZN95
NP_463061.1	Q8ZKK9
NP_461254.1	Q7CQ54
NP_461845.1	P0DM81
NP_460637.1	Q8ZP68
NP_463211.1	Q8ZKB2
NP_462493.1	Q8ZLD6
NP_459715.1	O68883
NP_460378.1	P74855
NP_459912.1	Q8ZQF0
NP_459028.1	Q8ZS06
NP_462381.1	P25927
NP_460114.1	P0A1E8
NP_463020.1	P0A297
NP_459042.1	Q8ZRZ5
NP_460394.1	P0A2F4
NP_462163.1	Q8ZLV7
NP_459236.1	P14567
NP_463289.1	Q8ZK55
NP_459174.1	Q8ZRS1
NP_463428.1	Q8ZJV5
NP_461450.1	Q8ZN55
NP_460251.1	Q8ZPW2
NP_463337.1	Q8ZK29
NP_459457.1	Q8ZRB3
NP_461683.1	Q8ZMP8
NP_459820.1	Q8ZQM6
NP_463028.1	Q9S498
NP_462598.1	Q8ZL57
NP_462506.1	Q8ZLC6
NP_462987.1	P17750
NP_460811.1	Q7CQD4
NP_459858.1	Q8ZQJ6
NP_461673.1	Q8ZMQ8
NP_461776.1	Q8ZMI7
NP_459938.1	Q7CQU4
NP_459084.1	Q8ZRW7
NP_462043.1	Q7CPT4
NP_461136.1	P41030
NP_462114.1	Q8ZLY7
NP_462249.1	Q8ZLQ6
NP_462463.1	P30296
NP_460422.1	P65542
NP_461695.1	Q8ZMN6
NP_460321.1	Q8ZPR7
NP_462202.2	Q8ZLT0
NP_462521.1	Q8ZLB6
NP_462349.1	P0A1H5
NP_461533.1	Q8ZN04
NP_459181.1	Q8ZRR5
NP_462433.1	Q8ZLG9
NP_459551.1	Q8ZR60
NP_461575.1	P0A2F0
NP_459518.1	Q7CR08
NP_462707.1	Q8ZL04
NP_460041.1	P64105
NP_462642.1	Q8ZL41
NP_462812.1	Q9L6R3
NP_463203.1	Q8ZKB5
NP_459503.1	Q8ZR90
NP_462152.1	Q8ZLW5
NP_462388.1	Q8ZLK3
NP_461731.1	Q56108
NP_463119.1	P0A195
NP_460627.1	Q8ZP78
NP_459106.1	P06190
NP_461051.1	Q8ZNR1
NP_462983.1	Q8ZKN3
NP_459792.1	Q7CQW5
NP_460777.1	Q7CQD9
NP_462851.1	Q8ZKV2
NP_463015.1	P0A1H5
NP_459100.1	Q8ZRV9
NP_459859.1	Q8ZQJ5
NP_462820.1	P0A189
NP_460189.1	Q8ZQ00
NP_459037.1	Q8ZRZ9
NP_459292.1	Q93IQ8
NP_462307.1	Q8ZLM9
NP_461212.1	P58663
NP_461745.1	Q7CPY8
NP_462560.1	Q8ZL91
NP_459230.1	P0A1Z2
NP_459691.1	Q8ZQW1
NP_460629.1	Q8ZP76
NP_461300.1	Q8ZNC6
NP_462377.1	Q8ZLK6
NP_460023.1	Q8ZQ82
NP_460212.1	Q56030
NP_459196.1	Q8ZRQ2
NP_460961.1	Q05603
NP_459686.1	Q8ZQW6
NP_459925.1	Q8ZQE1
NP_460184.1	Q8ZQ03
NP_459542.1	P37925
NP_459493.1	Q8ZR95
NP_462052.1	Q8ZM23
NP_460785.1	Q8ZP04
NP_459127.1	Q7CR83
NP_461634.1	Q8ZMU5
NP_459738.1	Q8ZQT3
NP_459552.1	Q7CR05
NP_460492.1	Q8ZPH5
NP_459224.1	P66738
NP_462361.1	Q8ZLL3
NP_459671.1	Q8ZQX5
NP_462859.1	P57048
NP_461985.1	P65702
NP_461338.1	P37433
NP_460516.1	Q8ZPF3
NP_462197.1	Q8ZLT2
NP_462958.1	Q8ZKQ1
NP_460655.1	Q8ZP58
NP_461937.1	Q8ZM96
NP_462518.1	Q8ZLB7
NP_460831.1	Q8ZNX2
NP_461610.1	Q8ZMW3
NP_460153.1	P15931
NP_460429.1	P40720
NP_463232.1	Q8ZKA0
NP_460935.1	P54698
NP_460728.1	P65215
NP_462942.1	Q8ZKR4
NP_460584.1	Q8ZPB0
NP_460346.1	H9L4C4
NP_461969.1	Q8ZM76
NP_462065.1	Q7CPS8
NP_463217.1	Q8ZKA7
NP_460519.1	Q8ZPF0
NP_459731.1	Q7CQX0
NP_461075.1	Q8ZNP9
NP_460752.1	Q8ZP20
NP_461761.1	Q8ZMJ7
NP_461786.1	Q8ZMI3
NP_461576.1	Q8ZMX9
NP_461520.1	Q8ZN17
NP_459581.1	Q8ZR36
NP_460349.1	Q9Z4S7
NP_461584.1	Q8ZMX4
NP_461837.1	Q7CPW8
NP_461886.1	Q8ZMD4
NP_463269.1	Q8ZK71
NP_462422.1	Q8ZLH9
NP_462029.1	Q8ZM38
NP_460259.1	Q8ZPV8
NP_459841.1	Q8ZQL0
NP_461733.1	Q08698
NP_461539.1	Q8ZMZ8
NP_463282.1	Q8ZK61
NP_459638.1	Q7CQZ1
NP_462020.1	Q8ZM44
NP_459085.1	Q7CR89
NP_461031.1	P26402
NP_461474.1	Q8ZN42
NP_463233.1	Q8ZK99
NP_460076.1	Q9RPU7
NP_462097.1	Q8ZLZ7
NP_459271.1	Q8ZRL7
NP_459958.1	Q8ZQC3
NP_460493.1	Q8ZPH4
NP_461534.1	Q8ZN03
NP_459287.1	Q8ZRL1
NP_461469.1	Q8ZN44
NP_462543.1	Q8ZLA4
NP_459842.1	Q8ZQK9
NP_460539.1	Q8ZPD8
NP_461038.1	P26395
NP_462574.1	Q8ZL78
NP_462594.1	Q8ZL61
NP_462409.1	P74884
NP_461499.1	Q8ZN30
NP_461546.1	Q8ZMZ1
NP_461325.1	Q8ZNB0
NP_459359.1	P0CL48
NP_459211.1	Q8ZRP7
NP_461292.1	Q8ZNC8
NP_461714.1	Q8ZMM4
NP_460812.1	Q8ZNY7
NP_459965.1	Q8ZQB8
NP_460568.1	Q8ZPC2
NP_461838.1	Q8ZMG5
NP_462587.1	Q7CPI0
NP_460322.1	Q8ZPR6
NP_463422.1	Q8ZJV9
NP_460729.1	P0A2L9
NP_463243.1	Q7CP92
NP_459050.1	Q7CR93
NP_461344.1	Q93IM5
NP_463384.1	P40813
NP_462982.1	Q8ZKN4
NP_461260.1	Q8ZNE2
NP_461544.1	Q8ZMZ3
NP_459032.1	Q8ZS04
NP_461172.1	P40709
NP_461707.1	Q8ZMM7
NP_461555.1	Q8ZMY2
NP_461068.1	Q8ZNQ6
NP_463429.1	Q8ZJV4
NP_461739.1	Q7CPY9
NP_461365.1	P0A1E3
NP_461912.1	Q8ZMB5
NP_459402.1	Q8ZRD7
NP_463286.1	Q8ZK57
NP_462454.1	Q8ZLF5
NP_462926.1	Q8ZKS1
NP_460205.1	Q8ZPZ3
NP_462403.1	P41033
NP_461428.1	Q7CQ22
NP_462278.1	Q7CPM5
NP_460308.1	P63351
NP_461011.1	Q8ZNR3
NP_460396.1	Q7CQK9
NP_461090.1	P55882
NP_461268.1	P0A1Y6
NP_461315.1	Q8ZNB7
NP_459519.1	Q8ZR79
NP_461939.1	Q8ZM95
NP_462700.1	Q8ZL11
NP_462446.1	Q8ZLG2
NP_460168.1	Q7CQR1
NP_461409.1	Q8ZN82
NP_459680.1	Q7CQY2
NP_459192.1	Q8ZRQ6
NP_459951.1	Q8ZQC6
NP_460134.1	P06204
NP_461585.1	Q8ZMX3
NP_462836.1	Q05311
NP_459149.1	Q7CR79
NP_463158.1	P36555
NP_460016.1	Q8ZQ86
NP_463206.1	Q8ZKB4
NP_461515.1	Q56057
NP_460965.1	Q05596
NP_460866.1	P0CL51
NP_459512.1	Q8ZR85
NP_461668.1	Q8ZMR3
NP_459639.1	Q8ZQZ7
NP_460198.1	Q8ZPZ8
NP_463416.1	Q56121
NP_462731.1	Q8ZKY8
NP_462319.1	P0A7Z7
NP_462661.1	H9L434
NP_461505.1	Q8ZN26
NP_460042.1	Q8ZQ69
NP_459363.1	Q56062
NP_462514.1	P50335
NP_459996.1	Q8ZQA5
NP_459371.1	Q8ZRF5
NP_459754.1	P22714
NP_460730.1	P0A237
NP_462675.1	Q7CPG0
NP_460614.1	Q8ZP87
NP_459672.1	Q7CQY4
NP_461159.1	Q8ZNK1
NP_460515.1	Q8ZPF4
NP_462500.1	Q8ZLD2
NP_463315.1	P36674
NP_459613.1	Q8ZR12
NP_462588.1	Q8ZL66
NP_462192.1	Q8ZLT5
NP_459265.1	Q8ZRL9
NP_462252.1	Q8ZLQ5
NP_463351.1	Q8ZK15
NP_460858.1	Q8ZNV2
NP_459536.1	Q7CR06
NP_462211.1	Q8ZLS6
NP_459065.1	Q8ZRY2
NP_460185.1	Q8ZQ02
NP_459029.1	Q8ZS05
NP_462523.1	Q8ZLB5
NP_459302.1	P37459
NP_460977.1	Q05628
NP_461046.1	H9L433
NP_459288.1	Q7CR57
NP_461586.1	Q8ZMX2
NP_461333.1	Q8ZNA5
NP_463082.1	Q8ZKI8
NP_459970.1	Q8ZQB5
NP_462447.1	Q8ZLG1
NP_459340.1	Q8ZRH4
NP_462435.1	Q8ZLG7
NP_459095.1	Q56016
NP_460405.1	Q8ZPN3
NP_462846.1	Q9L6N5
NP_463150.1	Q8ZKE7
NP_462410.1	Q7CPK5
NP_460336.1	Q8ZPQ3
NP_459577.1	Q8ZR40
NP_462011.1	P58580
NP_459784.1	P65398
NP_459482.2	P58480
NP_460074.1	Q8ZQ49
NP_459087.1	Q7CR88
NP_463046.1	P40677
NP_459567.1	Q8ZR47
NP_462744.1	Q9FDH7
NP_459333.1	Q8ZRI1
NP_459114.1	Q8ZRV0
NP_463369.1	Q8ZJZ9
NP_460511.1	Q8ZPF8
NP_460916.1	P26613
NP_459776.1	Q8ZQQ4
NP_459590.1	Q8ZR30
NP_460284.1	H9L460
NP_461275.1	Q8ZND9
NP_460805.1	Q8ZNZ3
NP_459380.1	H9L4B6
NP_461032.1	P26401
NP_462037.1	Q8ZM34
NP_462837.1	P0A2R8
NP_460070.1	Q8ZQ52
NP_461190.1	Q8ZNI0
NP_461571.1	Q4AAY5
NP_461083.1	Q8ZNP2
NP_461926.1	Q8ZMA5
NP_463027.1	Q9L9J2
NP_461965.1	Q7CPV0
NP_460986.1	O31041
NP_459489.1	P06196
NP_461201.1	Q8ZNH7
NP_461138.1	P64209
NP_461183.1	Q8ZNI5
NP_460380.1	P74857
NP_463090.1	Q8ZKI1
NP_459193.1	Q8ZRQ5
NP_462545.1	Q8ZLA2
NP_460899.1	O66041
NP_459537.1	P58688
NP_459079.1	Q8ZRX1
NP_461536.1	Q8ZN01
NP_459646.1	Q8ZQZ1
NP_461871.1	Q8ZME5
NP_459169.1	Q7CR73
NP_460416.1	Q8ZPM5
NP_461805.1	P0CL47
NP_462370.1	Q8ZLK8
NP_459414.1	P55881
NP_462927.1	P27031
NP_461345.1	Q93IM6
NP_462465.1	P0A1W6
NP_460540.1	P40788
NP_459283.1	Q8ZRL2
NP_460078.1	Q7CQS5
NP_463065.1	Q8ZKK5
NP_461830.1	P0A1Y0
NP_462482.2	Q8ZLE4
NP_460246.1	Q8ZPW7
NP_462002.1	P60659
NP_459640.1	Q8ZQZ6
NP_459800.1	Q8ZQN6
NP_460547.1	Q7CQI6
NP_462154.1	Q8ZLW3
NP_459390.1	Q8ZRE3
NP_459747.1	Q8ZQS6
NP_460316.1	Q8ZPS2
NP_459504.1	Q9S4Z2
NP_463385.1	Q8ZJY8
NP_463376.1	Q7CP73
NP_459341.1	Q8ZRH3
NP_461099.1	Q8ZNN4
NP_462233.1	Q8ZLR8
NP_461255.1	P60195
NP_459595.1	Q8ZR26
NP_459860.1	Q8ZQJ4
NP_459977.1	P40817
NP_461762.1	Q8ZMJ6
NP_459809.1	P0CL04
NP_460275.1	Q8ZPU6
NP_461698.1	P52616
NP_459157.1	Q8ZRT2
NP_460615.1	Q9EYX5
NP_461715.2	P0CL02
NP_463348.1	Q8ZK18
NP_461438.1	Q8ZN67
NP_461614.1	Q8ZMW1
NP_462090.1	Q8ZM00
NP_460036.1	Q8ZQ72
NP_461839.1	Q8ZMG4
NP_461411.1	Q8ZN81
NP_461073.1	Q8ZNQ1
NP_459520.1	Q8ZR78
NP_459584.1	Q7CQZ9
NP_460624.1	Q8ZP81
NP_461367.1	P0A249
NP_461677.1	Q8ZMQ4
NP_462398.1	P0CL13
NP_460747.1	Q7CQE6
NP_459051.1	Q8ZRZ0
NP_463398.1	Q8ZJX8
NP_460963.1	Q05599
NP_460261.1	Q8ZPV6
NP_462655.1	H9L4B9
NP_461269.1	Q7CQ50
NP_461604.1	P36245
NP_459135.1	Q8ZRU1
NP_462430.1	Q8ZLH2
NP_459163.1	Q8ZRS8
NP_459623.1	Q8ZR05
NP_461537.1	Q8ZN00
NP_463145.1	Q8ZKF2
NP_459850.1	Q8ZQK2
NP_463187.1	Q8ZKC3
NP_460649.1	Q8ZP59
NP_460512.1	Q8ZPF7
NP_459599.1	Q8ZR22
NP_462590.1	Q8ZL65
NP_459578.1	Q8ZR39
NP_459289.1	Q8ZRL0
NP_459545.1	P26318
NP_459947.1	Q8ZQC8
NP_459058.1	Q8ZRY5
NP_460233.1	Q8ZPX7
NP_462183.1	P60822
NP_459452.1	Q8ZRB7
NP_461625.1	Q8ZMV3
NP_460664.1	P37723
NP_460554.1	H9L489
NP_459151.1	P0CL03
NP_461460.1	Q8ZN52
NP_461815.1	P0A1B9
NP_463445.1	Q8ZJU5
NP_460959.1	Q8ZNR7
NP_461175.1	Q8ZNJ3
NP_460562.1	Q7CQH9
NP_459108.1	P06188
NP_459997.1	Q8ZQA4
NP_462562.1	Q8ZL89
NP_460719.1	Q8ZP38
NP_461008.1	P37602
NP_462935.1	P43020
NP_460788.1	Q8ZP02
NP_460186.1	Q8ZQ01
NP_461578.1	Q8ZMX7
NP_461788.1	P0CL09
NP_462341.1	P60428
NP_460658.1	P16656
NP_460595.1	Q8ZPA0
NP_459446.1	Q8ZRB9
NP_459096.1	P58717
NP_460062.1	Q8ZQ58
NP_462669.1	Q7CPG4
NP_459526.1	Q8ZR73
NP_460891.1	Q8ZNU4
NP_459654.1	Q7CQY9
NP_461416.1	Q8ZN77
NP_460351.1	Q8ZPP6
NP_463075.1	Q8ZKJ5
NP_462702.1	Q8ZL09
NP_460740.1	Q7CQE8
NP_462538.1	P43663
NP_462067.1	Q8ZM14
NP_462030.1	Q8ZM37
NP_461484.1	P26475
NP_461889.1	Q8ZMD2
NP_461716.1	Q8ZMM3
NP_460659.1	P16657
NP_461471.1	Q9RF52
NP_462234.1	Q7CPN7
NP_461109.1	Q8ZNM9
NP_459978.1	Q8ZQB1
NP_459136.1	Q7CR81
NP_463151.1	H9L4A3
NP_462822.1	Q9L6Q4
NP_461771.1	Q8ZMI9
NP_460600.3	Q8ZP95
NP_459770.1	Q8ZQQ8
NP_461538.1	Q8ZMZ9
NP_461517.1	P0A1W2
NP_462729.1	Q8ZKZ0
NP_461264.1	Q60010
NP_462919.1	Q8ZKS6
NP_463447.1	Q8ZJU3
NP_459748.1	Q8ZQS5
NP_461226.1	Q8ZNG5
NP_460498.1	Q8ZPH0
NP_463455.1	Q7CP62
NP_459475.1	Q7CR14
NP_462279.1	Q8ZLP4
NP_459460.1	Q8ZRB2
NP_461214.1	P37411
NP_462146.1	Q8ZLW9
NP_459197.1	Q8ZRQ1
NP_461340.1	P12681
NP_461335.1	Q8ZNA4
NP_459843.1	Q8ZQK8
NP_462254.1	P66643
NP_463033.1	Q9L9I7
NP_460867.1	P0CL14
NP_459585.1	Q8ZR35
NP_459178.1	Q8ZRR8
NP_463050.1	P51067
NP_462782.1	Q7CPD9
NP_460409.1	Q8ZPN1
NP_460072.1	Q8ZQ50
NP_459570.1	P15888
NP_460789.1	Q8ZP01
NP_459297.1	Q8ZRK4
NP_463371.1	Q8ZJZ8
NP_462371.1	P40732
NP_459711.1	Q8ZQU8
NP_459396.1	Q8ZRE0
NP_459940.1	Q8ZQD3
NP_461920.1	P37178
NP_461570.1	Q4AAY6
NP_463142.1	Q8ZKF5
NP_463055.1	P36936
NP_460063.1	O30917
NP_463392.1	Q8ZJY4
NP_459514.1	Q8ZR83
NP_461140.1	Q8ZNL4
NP_461686.1	Q8ZMP5
NP_460571.1	P58535
NP_459521.1	Q7CR07
NP_460235.1	H9L410
NP_459985.1	Q8ZQA8
NP_459803.1	Q8ZQN4
NP_460080.1	Q8ZQ46
NP_459908.1	Q8ZQF3
NP_462085.1	Q8ZM01
NP_460625.1	Q8ZP80
NP_462060.1	Q8ZM18
NP_460641.1	P0A2D7
NP_460836.1	Q8ZNW9
NP_459199.1	O87656
NP_459027.1	H9L483
NP_459235.1	P0A2C1
NP_462496.1	Q8ZLD5
NP_462383.1	Q7CPK8
NP_463213.2	Q8ZKB0
NP_459865.1	Q7CQV1
NP_459648.1	Q8ZQY9
NP_459080.1	Q8ZRX0
NP_462578.1	Q8ZL74
NP_459067.1	Q8ZRY0
NP_461133.1	Q56036
NP_460109.1	O54290
NP_459547.1	P37928
NP_461462.1	Q8ZN51
NP_461789.1	Q8ZMI2
NP_459756.1	Q8ZQS0
NP_459556.1	Q8ZR56
NP_463279.1	Q8ZK64
NP_461910.1	Q8ZMB7
NP_461859.1	Q8ZMF2
NP_460294.1	Q8ZPT3
NP_461703.1	Q8ZMN1
NP_463355.1	Q8ZK11
NP_460799.1	Q8ZNZ6
NP_459563.1	Q8ZR51
NP_461033.1	P26400
NP_460707.1	Q7CQF4
NP_462130.1	Q8ZLX9
NP_461550.1	Q8ZMY7
NP_459348.1	Q8ZRG7
NP_461388.1	Q9ZFU6
NP_459499.1	Q8ZR92
NP_460733.1	P0A1Q6
NP_461997.1	Q8ZM60
NP_459669.1	Q8ZQX7
NP_461816.1	P0A1N0
NP_459239.1	Q8ZRN7
NP_462477.1	Q8ZLE5
NP_460458.1	Q8ZPJ7
NP_462372.1	P06193
NP_462384.1	P0A2P2
NP_462903.1	Q9L7S0
NP_460285.1	Q8ZPU0
NP_463237.1	Q8ZK95
NP_461153.1	Q8ZNK4
NP_460748.1	Q8ZP24
NP_461692.1	Q8ZMN9
NP_459788.1	Q8ZQP6
NP_460893.1	Q7CQC0
NP_459522.1	Q8ZR77
NP_459632.1	Q8ZR00
NP_459327.1	Q8ZRI7
NP_459625.1	Q8ZR04
NP_463456.1	Q8ZJT6
NP_463124.1	Q8ZKG7
NP_459186.1	Q8ZRR1
NP_463378.1	Q8ZJZ3
NP_461780.1	P0CL46
NP_462650.1	Q7CPH1
NP_460137.1	Q8ZQ19
NP_462449.1	Q8ZLF9
NP_462746.1	Q8ZKY1
NP_463270.1	Q7CP88
NP_459572.1	Q8ZR43
NP_460249.1	Q8ZPW4
NP_461181.1	Q8ZNI7
NP_463326.1	Q8ZK34
NP_462424.1	Q8ZLH7
NP_463342.1	Q8ZK24
NP_461942.1	Q8ZM93
NP_463294.1	Q8ZK50
NP_462619.1	Q06994
NP_462840.1	Q9L6P1
NP_461347.1	Q8ZNA1
NP_459137.1	Q7CR80
NP_460616.1	Q8ZP86
NP_459319.1	P40861
NP_462703.1	Q8ZL08
NP_462591.1	Q8ZL64
NP_460037.1	Q7CQT5
NP_463076.1	Q8ZKJ4
NP_460180.1	P67366
NP_461277.1	P60817
NP_459778.1	Q8ZQQ2
NP_462584.1	Q8ZL68
NP_462555.1	Q8ZL96
NP_462997.1	Q8ZKM1
NP_459941.1	Q7CQU3
NP_460455.1	Q8ZPK0
NP_460018.1	Q8ZQ85
NP_459424.1	P96062
NP_459206.1	O87663
NP_461056.1	H9L470
NP_461104.1	Q8ZNN1
NP_462344.1	P60446
NP_462979.1	Q8ZKN6
NP_461860.1	Q8ZMF1
NP_462400.1	Q8ZLJ5
NP_459089.1	Q8ZRW4
NP_460782.1	Q8ZP07
NP_460110.1	P0A204
NP_459391.1	Q8ZRE2
NP_459592.1	Q8ZR28
NP_461303.1	Q8ZNC3
NP_460347.1	H9L428
NP_463229.1	Q7CP94
NP_462236.1	Q8ZLR7
NP_459633.1	P67520
NP_463316.1	P36640
NP_463353.1	Q8ZK13
NP_459433.1	Q8ZRC6
NP_461799.1	P74873
NP_460471.1	P69936
NP_461160.1	Q8ZNK0
NP_460852.1	P66746
NP_459649.1	Q8ZQY8
NP_459277.1	Q93IS3
NP_461147.1	Q8ZNK7
NP_461540.1	Q8ZMZ7
NP_459153.1	H9L4B4
NP_462200.1	P37430
NP_461483.1	P26474
NP_460354.1	H9L4B1
NP_461125.1	Q7CQ82
NP_462137.1	Q8ZLX3
NP_462147.1	Q8ZLW8
NP_462225.1	Q8ZLS1
NP_461981.1	Q7CPU8
NP_461184.1	P0CE12
NP_459580.1	Q8ZR37
NP_460318.1	Q8ZPS0
NP_461424.1	Q8ZN71
NP_462450.1	Q8ZLF8
NP_463146.1	Q8ZKF1
NP_459362.1	P74839
NP_460237.1	Q8ZPX5
NP_462533.1	Q8ZLA8
NP_462301.1	Q8ZLN4
NP_460525.1	Q8ZPE8
NP_462938.1	Q8ZKR7
NP_462929.1	P0A2S9
NP_462824.1	P0A1Q8
NP_459368.1	Q8ZRF8
NP_461680.1	Q8ZMQ1
NP_461717.1	Q8ZMM2
NP_461079.1	Q8ZNP5
WP_000024100.1	V2HRZ5
WP_000483267.1	T2Q7G7
WP_001650455.1	V1IJA2
WP_001576425.1	S4LCQ9
WP_000561177.1	Q57S64
WP_001522266.1	V2MVI2
WP_001005807.1	Q57KL5
WP_000621352.1	Q57I98
WP_001112944.1	S4JYK8
WP_001181500.1	S4K1B5
WP_000205339.1	S4JJ08
WP_000911555.1	V2MUK8
WP_000682894.1	A0A1C3BIS7
WP_001641077.1	V2PAZ4
WP_000998685.1	S4KFL3
WP_000958742.1	Q57IW4
WP_000658738.1	B5QZS9
WP_000174944.1	Q8ZN39
WP_000202481.1	S4KM81
WP_000192324.1	S4KJV8
WP_001044182.1	S4LW56
WP_000155487.1	S4KFI9
WP_001251594.1	S4K7B4
WP_001520529.1	V2N6X7
WP_001142016.1	P25078
WP_000729206.1	S4KCS2
WP_000784307.1	P41780
WP_000737538.1	Q57R76
WP_000059040.1	S4KPE5
WP_001174897.1	Q5PGU6
WP_001075640.1	P41793
WP_000580402.1	Q57HF7
WP_000888953.1	S4LDL2
WP_000640013.1	Q7CQ56
WP_000123938.1	B5QWI7
WP_001236755.1	A0A0N2BN63
WP_000219174.1	Q57L58
WP_000797667.1	S4LTI0
WP_001236063.1	A0A0N1VUS8
WP_012543349.1	S4JNV5
WP_001177072.1	V2PF61
WP_000934315.1	B4T0Z7
WP_000055940.1	S4K939
WP_000566348.1	S4KK09
WP_000089674.1	Q57JI1
WP_000931756.1	S4K6W4
WP_001154079.1	B5QUA2
WP_000513241.1	Q57LT7
WP_000773795.1	S4KCX5
WP_000098086.1	S4KKQ6
WP_000086692.1	Q8ZND6
WP_000106848.1	S4JRY9
WP_001258064.1	V2NNG1
WP_000777625.1	V2MRP8
WP_000192661.1	S4KBJ4
WP_001103887.1	Q57JA5
WP_001259874.1	Q8Z6F3
WP_000206417.1	S4KEY8
WP_000946040.1	S4LVV3
WP_000009620.1	S4KCE1
WP_001173663.1	B4TTW4
WP_001096865.1	V2N079
WP_001165734.1	S4JYS9
WP_000021063.1	S4K819
WP_000775022.1	P17327
WP_000147295.1	P06110
WP_000653965.1	P0A2R5
WP_000881744.1	S4KCV4
WP_000522406.1	Q57KX9
WP_000263105.1	C0Q2R7
WP_000106617.1	B5FPH7
WP_001576579.1	S4JPZ2
WP_001089322.1	V2MZ54
WP_000640374.1	S4LQY7
WP_000907840.1	S4LTT6
WP_000377238.1	Q57N63
WP_000824854.1	S4LWC6
WP_000568508.1	B5F3J7
WP_000097035.1	S4KKI6
WP_000089042.1	E1WGG8
WP_000153660.1	A9MT86
WP_001537753.1	A0A0L5DE01
WP_001056720.1	S4LJ09
WP_000848633.1	A0A1C3BK94
WP_000773647.1	A0A0N2BQ21
WP_001235873.1	S4K0B2
WP_001674865.1	B5R1N6
WP_000170621.1	Q57MG1
WP_000915639.1	B5QV02
WP_000158075.1	S4KQ27
WP_000703145.1	S4K8R1
WP_001281271.1	P37411
WP_001677012.1	V2DHF5
WP_001111056.1	P0A1D0
WP_001048590.1	B5QWG8
WP_000831880.1	V2P640
WP_000807811.1	S4JW89
WP_001062071.1	S4K0U6
WP_000168092.1	Q8Z7I0
WP_000082262.1	S4K6D4
WP_000004693.1	B5QWU1
WP_000780156.1	T2QFV6
WP_001279812.1	S4K1H4
WP_001268200.1	S4K986
WP_001138463.1	S4JZN0
WP_001076489.1	A0A0L5C612
WP_001270595.1	S4JP87
WP_000231961.1	B5RAK3
WP_000123140.1	V2P502
WP_000073317.1	B4TQZ6
WP_000648764.1	B5R272
WP_000177285.1	B5QWI8
WP_001207628.1	V2N697
WP_000205986.1	V2N810
WP_001291714.1	S4JWX1
WP_000258844.1	S4KM32
WP_001182242.1	V2N6P2
WP_001212259.1	S4KBQ3
WP_000370992.1	P67198
WP_000860224.1	B5FJ82
WP_000933440.1	S4KFU2
WP_000122311.1	S4JWK9
WP_001119826.1	S4K6Y0
WP_001289463.1	B5R110
WP_000950876.1	S4K8X3
WP_000730078.1	B5EZE4
WP_001095568.1	S4JMZ3
WP_000434302.1	P0A2P6
WP_001007166.1	V2PP50
WP_000118515.1	B4SYZ3
WP_000919178.1	P0A2E2
WP_000394184.1	S4K7N2
WP_000008403.1	V2D1C5
WP_000828129.1	Q9L9I0
WP_000778097.1	Q8ZNH6
WP_000154187.1	B5QW68
WP_000546202.1	S4LEM6
WP_001103643.1	P26405
WP_001114957.1	B5R3Y2
WP_000056368.1	S4LC53
WP_000459883.1	V2MZY5
WP_000122606.1	Q9RM66
WP_000013532.1	S4KQ82
WP_000932039.1	S4K567
WP_001237694.1	S4JSP3
WP_001290277.1	S4KDT0
WP_001210076.1	B5R0C1
WP_000597122.1	V2PP39
WP_000104092.1	Q57IX9
WP_000210982.1	T2Q3N5
WP_001285726.1	Q57M67
WP_001132983.1	V2MSV9
WP_001253818.1	P08982
WP_001525247.1	V2N700
WP_000140620.1	Q57RY4
WP_000906146.1	Q57S63
WP_001518955.1	Q5PGU7
WP_001136420.1	Q57MF2
WP_001096730.1	S4JWA8
WP_000433286.1	B5R3V4
WP_000155048.1	S4KBA0
WP_001129817.1	V2N9R7
WP_000857874.1	B5R7Q3
WP_000172747.1	Q5PN58
WP_000336602.1	Q57QP7
WP_000467872.1	S4K8I4
WP_000152869.1	Q57S55
WP_001081453.1	S4LWD4
WP_001530644.1	B4SYW3
WP_001149064.1	S4LIE3
WP_001276831.1	S4KBS5
WP_000984806.1	A0A0N1VTE8
WP_000829509.1	Q57GN5
WP_001214701.1	S4JTL1
WP_000084251.1	Q9L7R5
WP_000068766.1	A0A0N2NY19
WP_001166949.1	T2QDF4
WP_000117499.1	S4LED4
WP_000213396.1	S4K2U3
WP_000930836.1	A0A1C3AK86
WP_001238503.1	S4JXE5
WP_000857205.1	V2N3Z9
WP_001270671.1	S4K4S1
WP_000828735.1	S4K7E4
WP_001186670.1	B5RHF1
WP_000138962.1	V2MTH9
WP_000422882.1	S4KE08
WP_000845439.1	B5R3G7
WP_001289628.1	B5RAK5
WP_000936990.1	S4KC39
WP_000998359.1	V2NJP2
WP_000801273.1	P26319
WP_000229301.1	S4JXE0
WP_000544036.1	B5R1Q4
WP_001050866.1	S4KGI4
WP_000895396.1	V2NMS7
WP_000131287.1	S4K676
WP_000870073.1	S4K8P7
WP_000042328.1	S4KGJ1
WP_001517951.1	V2NAH5
WP_000568258.1	V2NFU4
WP_000966637.1	S4KH57
WP_000933988.1	S4K5C0
WP_001523689.1	Q57GC4
WP_000252197.1	A0A0N1VV38
WP_001282115.1	P26419
WP_001096676.1	B4T0Y6
WP_001249745.1	Q57P54
WP_001576201.1	B5RBX8
WP_001018045.1	V2NLC8
WP_000815309.1	S4K4B7
WP_000133064.1	B5FI13
WP_000793278.1	V2PAK2
WP_000612922.1	A0A1C3B834
WP_000204362.1	P07801
WP_000476244.1	Q57NP5
WP_000745614.1	V2NGF3
WP_000082648.1	T2QES5
WP_000140478.1	B5QZH0
WP_001294178.1	A0A0N2BTZ8
WP_000639226.1	Q57N94
WP_000572064.1	V2N6W6
WP_000354962.1	Q57GV7
WP_000372354.1	B4T0I5
WP_000493665.1	A0A0N2BNS5
WP_000144830.1	A0A0N1VMI6
WP_000787216.1	S4JNI7
WP_000238925.1	S4KFJ6
WP_000481213.1	S4JPY5
WP_000826825.1	Q57PJ6
WP_001518186.1	V2NAL5
WP_000569168.1	S4KK68
WP_000105950.1	Q57IT5
WP_000865521.1	Q57M85
WP_000086329.1	B5QV90
WP_001521217.1	S4KE91
WP_000433673.1	Q57QM7
WP_000072528.1	B5R2V6
WP_000973645.1	P26466
WP_000070056.1	S4K553
WP_000929127.1	V2PR76
WP_001519906.1	V2N959
WP_000723529.1	S4KG33
WP_000822978.1	T2Q956
WP_000944545.1	S4KH86
WP_000527976.1	B5R0P3
WP_000213959.1	Q9L6M9
WP_000197216.1	V2N4M2
WP_000438892.1	S4LJU1
WP_001676513.1	S4K410
WP_000444879.1	B5QBJ1
WP_001288155.1	S4K912
WP_000273022.1	S4KGK2
WP_000589390.1	S4KJH4
WP_001231306.1	S4KJX9
WP_000010206.1	S4LFQ0
WP_000174534.1	S4JQ56
WP_000083909.1	V2PDF3
WP_000665687.1	Q57IE3
WP_000561784.1	S4K7A0
WP_000968664.1	S4KB26
WP_000582387.1	S4JYU7
WP_000972965.1	S4LSN3
WP_000963150.1	B5QV78
WP_000202725.1	V2NFV6
WP_000921389.1	A9MZW8
WP_000024766.1	S4K0V2
WP_001517981.1	V2N8R1
WP_000073063.1	S4JJ73
WP_001166275.1	S4K702
WP_000240033.1	S4K8Y9
WP_001184028.1	A0A0N2BM22
WP_001225658.1	V2N7T4
WP_000106483.1	Q57N52
WP_000475253.1	S4K024
WP_000856793.1	Q57LF1
WP_000565114.1	S4LJW0
WP_000124531.1	V2P9C5
WP_000168629.1	B5QV10
WP_000146599.1	B5R7V1
WP_000562003.1	S4K2N5
WP_000750805.1	S4LBI2
WP_000807252.1	V8MF70
WP_000800048.1	P33901
WP_000821193.1	S4LEH8
WP_000009264.1	S4LCM4
WP_000195340.1	Q57MI5
WP_001016625.1	S4KGC5
WP_000301556.1	B5QX43
WP_000597280.1	V2HAD4
WP_000956095.1	Q8ZNL7
WP_000984829.1	S4JZX0
WP_001015883.1	S4LTI9
WP_000514424.1	S4KEQ0
WP_000190182.1	Q57JX8
WP_000677011.1	T2QBH8
WP_000301711.1	V2NL47
WP_001250383.1	S4KJU6
WP_000816086.1	S4KI40
WP_001187150.1	A0A0N1VT40
WP_000284832.1	Q57PT1
WP_001122940.1	S4KDM6
WP_000428724.1	S4KM19
WP_001147418.1	V2ND61
WP_000253995.1	B4TY87
WP_000425070.1	Q57NR9
WP_000532939.1	Q5PIE3
WP_000219111.1	S4KMU0
WP_000752163.1	S4KG25
WP_001264677.1	S4LG90
WP_000670386.1	S4JZG6
WP_000493767.1	S4KQ23
WP_000645137.1	V2N8Q8
WP_000190263.1	A0A0N2BRP9
WP_001181268.1	S4K4V3
WP_000132984.1	A0A0N1VS03
WP_001241846.1	B5R5H2
WP_000210317.1	P0A1A1
WP_000977891.1	S4JZI0
WP_001258803.1	Q7CQY4
WP_001285631.1	S4KHS4
WP_001259025.1	V2PEM3
WP_000979132.1	B5RCD3
WP_001520795.1	S4JXC3
WP_000989909.1	S4K767
WP_001180860.1	V2P8U3
WP_000591821.1	S4KLC3
WP_001137268.1	B5QYG6
WP_000253524.1	Q57I12
WP_000063533.1	B5FPP7
WP_001033714.1	Q5PGR6
WP_001202049.1	S4LWG0
WP_000832808.1	S4KC95
WP_000087335.1	S4LJZ5
WP_000597928.1	Q57R49
WP_001519077.1	Q5PJE5
WP_000102715.1	B5RBR3
WP_000679210.1	V2PFX6
WP_000456514.1	S4KL04
WP_001519112.1	A0A0L5D3D2
WP_001017057.1	V2N2K7
WP_000010816.1	B5QV88
WP_000989184.1	S4LJI5
WP_000599083.1	T2QBC4
WP_000529340.1	B5FK98
WP_001538328.1	A0A1C3AX70
WP_001082196.1	Q8ZPS4
WP_000963608.1	V2DHJ9
WP_000649639.1	V2N771
WP_001066440.1	B5RAG2
WP_000013055.1	B4TG41
WP_001519338.1	V2NLA0
WP_001201751.1	S4LRL3
WP_001278036.1	S4LVS8
WP_000997196.1	S4K5B2
WP_000848072.1	S4JSA1
WP_000957752.1	S4LI37
WP_000531607.1	Q57QC8
WP_000997368.1	V2NBI8
WP_001241922.1	V2HFU1
WP_000896101.1	B4TGR5
WP_000045719.1	B5FMZ7
WP_000705774.1	S4I2C0
WP_000475960.1	V2N8C6
WP_001029705.1	S4JSP9
WP_000424187.1	Q57QS7
WP_000502811.1	P26418
WP_000631671.1	S4KBR9
WP_000091156.1	Q8ZNW0
WP_000016747.1	C0Q1Y4
WP_001216622.1	Q8ZML1
WP_000949286.1	V2NF42
WP_000417098.1	S4KG46
WP_000667440.1	V2N5Q9
WP_000846613.1	V2NCZ0
WP_000799940.1	P0A1F8
WP_001018467.1	P10502
WP_000542979.1	S4KFU6
WP_001592732.1	V2NR76
WP_000031748.1	A9MHG0
WP_000963441.1	S4LWP3
WP_000421577.1	S4LWV5
WP_000237031.1	Q8ZK35
WP_000211053.1	V2N1Y5
WP_000080042.1	A0A0T9WE21
WP_000868492.1	A0A0F3JZC6
WP_001677676.1	S4K9F2
WP_000682497.1	Q57RZ2
WP_001294900.1	Q8ZPV5
WP_000516978.1	S4KCR1
WP_001094519.1	B5R3H9
WP_000116392.1	B5R2Z0
WP_001126310.1	V2N7Q8
WP_000769990.1	P19264
WP_000272799.1	Q57RR4
WP_000830239.1	V2PD09
WP_000841654.1	V2N9C2
WP_000098554.1	S4KDS3
WP_000312505.1	Q57GL7
WP_000855344.1	Q57S34
WP_001029486.1	S4KCC0
WP_000916144.1	Q57N95
WP_000348077.1	S4K6Y9
WP_000368034.1	A0A0N1VUT3
WP_000397158.1	B4T3M4
WP_000771451.1	S4LPA1
WP_001265689.1	B5FJS1
WP_000064158.1	V2NNK0
WP_000620495.1	S4K8K7
WP_000060826.1	S4KEL9
WP_000561739.1	S4K6B3
WP_000569035.1	B4SVF6
WP_000006777.1	B5QTH0
WP_000355818.1	B5R1R0
WP_000257347.1	Q57GV6
WP_000370528.1	V2DSD8
WP_000399381.1	B5QTU6
WP_001670767.1	A9N728
WP_000533542.1	P67710
WP_000095689.1	P63412
WP_000862876.1	S4LC59
WP_001675712.1	V2E1L4
WP_001185780.1	B5R8D0
WP_000819602.1	B5QUQ6
WP_000199678.1	S4KJM0
WP_000003725.1	Q57KS7
WP_000611821.1	B5QV72
WP_000165758.1	Q57KW0
WP_000133179.1	Q57PH8
WP_000235640.1	S4K8A2
WP_000045765.1	Q57RE2
WP_000930715.1	S4JSF6
WP_000188410.1	Q5PNB4
WP_000069336.1	T2Q3X7
WP_001278123.1	S4KGI9
WP_000976566.1	S4KL33
WP_000789736.1	Q5PIK8
WP_000042939.1	S4KCI9
WP_000808682.1	B4TJL7
WP_000118980.1	S4K3P4
WP_000488449.1	S4KEW5
WP_001268859.1	Q9L645
WP_001043108.1	V2NLK7
WP_000251085.1	S4KEP8
WP_001044541.1	V2N8J3
WP_001166428.1	B5FHE3
WP_000416114.1	P0A191
WP_001037182.1	V8MNW8
WP_000197660.1	V2PIY4
WP_000250724.1	Q57PJ7
WP_000672408.1	V2P519
WP_000212289.1	B5R6W8
WP_001576333.1	S4KEW9
WP_001207439.1	B5QVR2
WP_000875190.1	S4LBE3
WP_000578115.1	S4JUP6
WP_000234466.1	A0A0N1VUZ4
WP_000118140.1	S4K8G5
WP_000852705.1	V2N698
WP_001263889.1	B5QWI9
WP_000199997.1	Q57PD6
WP_000110438.1	V2NL93
WP_000099853.1	S4JXW1
WP_000571508.1	A0A0N2BM39
WP_001196651.1	B5FR81
WP_001263753.1	V2N693
WP_000765573.1	S4K7Z6
WP_001058307.1	S4LQP7
WP_000784371.1	Q57JY1
WP_000291330.1	B5F8D3
WP_000848026.1	Q57SJ8
WP_000290272.1	S4JWL1
WP_000051816.1	Q57NZ3
WP_000732362.1	S4K8R3
WP_000253650.1	V2PSF8
WP_000045725.1	V2N3E8
WP_001137761.1	Q57MC1
WP_001228887.1	S4KKS5
WP_000531162.1	S4K9V0
WP_000844542.1	S4KCU1
WP_000055620.1	Q57GT6
WP_000948786.1	A0A0L5DB50
WP_000068812.1	B5RF78
WP_000958619.1	V2PP20
WP_001135571.1	Q5PLY0
WP_000781589.1	B5RC88
WP_000675530.1	O68926
WP_000666051.1	V2PBT5
WP_000425484.1	S4JUL5
WP_000766681.1	A0A0L5D6D4
WP_000944174.1	V2MVX3
WP_000237776.1	C0PYY5
WP_000036389.1	Q57N81
WP_000099303.1	Q8ZLF2
WP_001016213.1	Q5PIK9
WP_000130724.1	V2NE08
WP_000042852.1	S4KHF7
WP_000194222.1	S4KPS9
WP_001677739.1	A0A0F3JI41
WP_001537930.1	Q57NH3
WP_000744594.1	B5R1E5
WP_000226499.1	V1IBZ0
WP_000920611.1	V2NCR6
WP_001033397.1	S4K9F6
WP_001062898.1	B5F202
WP_000754422.1	S4LU86
WP_000067377.1	S4KGU7
WP_001282334.1	B4TV07
WP_000847563.1	S4K7G2
WP_000075344.1	S4LFL7
WP_000493976.1	S4JNH8
WP_000725364.1	P0A2I0
WP_001675126.1	V2NAE5
WP_001244002.1	A0A0N2BNV1
WP_001067096.1	Q57GV5
WP_000622342.1	V2PP25
WP_000048842.1	S4KJL2
WP_000605645.1	V2NUG0
WP_000572746.1	B4T158
WP_000876817.1	Q57ME4
WP_000501623.1	Q57MC2
WP_000100911.1	Q8ZPM6
WP_001258629.1	B5FSN0
WP_001010662.1	V2MRZ4
WP_000443206.1	V2N8L3
WP_001199961.1	V2NJH9
WP_000149799.1	S4LBX9
WP_000067973.1	V2N8P2
WP_001264473.1	A0A0N2BL60
WP_001046240.1	Q57RK7
WP_000098325.1	A0A1C3B5X1
WP_014341173.1	S4JMX6
WP_000776351.1	S4K0D1
WP_001533325.1	S4LPC9
WP_000301678.1	V2N1A9
WP_000706464.1	S4KIJ1
WP_000175686.1	B5QVV6
WP_001055642.1	S4LMM2
WP_000045254.1	B5R3G6
WP_000747901.1	S4LKJ6
WP_000531282.1	Q57KY1
WP_001538148.1	Q57PJ8
WP_000216812.1	A0A0L6C3I8
WP_000780208.1	Q57SM9
WP_000140185.1	B5R626
WP_001537507.1	V2NG78
WP_000807638.1	S4JNQ2
WP_001235493.1	P0A2D7
WP_000871970.1	Q57RE4
WP_000169766.1	B5R273
WP_001278555.1	S4KH39
WP_000806167.1	Q57IA0
WP_000524877.1	V2NRU3
WP_001275101.1	Q56036
WP_000456073.1	S4K9D6
WP_000627811.1	Q57L55
WP_001081947.1	B5R535
WP_000082080.1	Q57IR6
WP_000545038.1	P0A1Y8
WP_000480205.1	S4K923
WP_000548080.1	V2NAM6
WP_001041122.1	A0A197IBA6
WP_001046521.1	S4K151
WP_001131635.1	V2DMA9
WP_001262138.1	Q8ZP84
WP_000944288.1	S4JVM9
WP_000921423.1	Q57HI9
WP_000964735.1	V2P882
WP_000569790.1	S4KAM6
WP_000829289.1	S4K452
WP_000368707.1	P26406
WP_000949374.1	S4JX95
WP_000203023.1	Q57NA5
WP_000944182.1	S4K070
WP_001576231.1	S4K542
WP_000779259.1	S4LR55
WP_000586995.1	B5RGI4
WP_000659245.1	S4K717
WP_000760232.1	S4KPZ1
WP_000183602.1	P0A2G0
WP_000866905.1	S4KF63
WP_000142868.1	S4K3N9
WP_001263083.1	S4K1I2
WP_001002130.1	V2PDF7
WP_000813389.1	S4K1W9
WP_000037202.1	V2MXE9
WP_000155876.1	Q57MH4
WP_000625591.1	Q57LE9
WP_000622326.1	Q05587
WP_000125875.1	S4KF78
WP_001030318.1	A0A0N2BNU6
WP_000072884.1	Q7CQS9
WP_000741252.1	T2QFB5
WP_000076357.1	S4LQZ6
WP_000982655.1	S4K8H9
WP_000529613.1	Q57LS3
WP_001087039.1	S4JP96
WP_000931433.1	S4K1M4
WP_001041823.1	V2MZN0
WP_000700599.1	V2P539
WP_000222155.1	S4K8E2
WP_000192039.1	Q57RE5
WP_000712455.1	S4K7P9
WP_001197783.1	B5R0C0
WP_000560758.1	V2NGV8
WP_000028066.1	S4KHH4
WP_000884371.1	G9W251
WP_001066507.1	S4K6G1
WP_000157772.1	S4KJW4
WP_001156971.1	S4KP92
WP_000378215.1	V2NNY5
WP_000631369.1	Q57RR5
WP_000921676.1	V2NKP5
WP_000101770.1	B5QZA1
WP_000093130.1	P60066
WP_000932336.1	Q57ID7
WP_000150770.1	S4JYE1
WP_001676981.1	A0A1C3C7L5
WP_000495782.1	S4KG77
WP_001252085.1	P26468
WP_001119748.1	Q57LT6
WP_001069113.1	V2NCV9
WP_000331771.1	P0A2S3
WP_001252672.1	S4K4I1
WP_001218120.1	A0A0F3J8X1
WP_000765720.1	S4JND0
WP_000812017.1	D0ZSY7
WP_001031687.1	D0ZV89
WP_001064598.1	Q57NP4
WP_000624755.1	A0A0G2NTX9
WP_001275402.1	B4TSY7
WP_000030906.1	A0A1C3B419
WP_001188783.1	P41789
WP_001004790.1	B5QU11
WP_000803229.1	Q57N65
WP_000809819.1	V1QVP3
WP_000354856.1	S4K8N4
WP_001093886.1	P29848
WP_000019109.1	T2Q2I4
WP_001147510.1	S4K834
WP_000709785.1	S4KFM9
WP_000989296.1	Q57MF6
WP_000160383.1	V2PDW3
WP_000969434.1	A0A0N1VUU5
WP_000108429.1	B5QYE9
WP_001109831.1	V2MVP6
WP_000766659.1	S4KD38
WP_000469050.1	V2ND95
WP_000116055.1	V2NEE4
WP_000490321.1	S4JLM5
WP_001030985.1	V2NDS1
WP_000339318.1	S4JVS3
WP_000617928.1	S4K3Y3
WP_000027186.1	Q57R72
WP_000584132.1	Q57GC1
WP_001537781.1	Q5PGA0
WP_000406466.1	Q57LJ1
WP_000920861.1	A0A0N1VMP7
WP_001519572.1	O52222
WP_000876690.1	A0A0U0WGF0
WP_000982752.1	B5QYI9
WP_001039301.1	Q57PX3
WP_000922422.1	A0A0N2BSC2
WP_001677061.1	S4K471
WP_000823812.1	S4K6M9
WP_001212142.1	B5R9I7
WP_000349278.1	P16323
WP_000459612.1	P57048
WP_000832535.1	A9MGK8
WP_000819118.1	S4K773
WP_000400600.1	S4KC73
WP_001062140.1	B5BFP7
WP_000551246.1	Q57R14
WP_000835399.1	S4LRH1
WP_000074605.1	V2NAG0
WP_000939597.1	A0A0J9WZH1
WP_000439826.1	B5R2D5
WP_000667146.1	B4SYV7
WP_000842940.1	V2N3S3
WP_001056568.1	S4K6W9
WP_000655746.1	S4JZZ0
WP_001517904.1	V2NM01
WP_000512344.1	Q57LQ0
WP_000174964.1	S4K6H1
WP_000059503.1	B5QWJ0
WP_000626870.1	B5RE27
WP_000771536.1	A0A1C3AZP4
WP_000896506.1	B5EYZ7
WP_000792281.1	S4KED2
WP_000617682.1	S4K519
WP_000191430.1	S4KJV4
WP_001021050.1	S4JS50
WP_000138293.1	B5R569
WP_000114102.1	S4K8D2
WP_001286397.1	S4LMQ5
WP_000492669.1	Q8ZML6
WP_000819375.1	V2NGG2
WP_000503938.1	P0A2H5
WP_001097530.1	S4JWM5
WP_016695233.1	S4KM65
WP_001214764.1	S4KDW2
WP_001049364.1	B5QX45
WP_000284365.1	S4LTV8
WP_001279499.1	Q57KV2
WP_001159076.1	V2MZ49
WP_000602491.1	V2NDQ9
WP_000918127.1	A0A0N2BSL8
WP_001248993.1	Q57Q24
WP_000935685.1	V2NC57
WP_000010658.1	P0A1C6
WP_000646124.1	V2E1F7
WP_000825682.1	P0A246
WP_001171630.1	C0PYS1
WP_000241685.1	B5REZ9
WP_000179176.1	Q57GZ7
WP_000197907.1	S4LQN8
WP_001223304.1	P0A240
WP_000835028.1	B5QV13
WP_000115336.1	B5QX27
WP_001675307.1	B5R7Z3
WP_000420505.1	A0A0N2BL36
WP_001116966.1	B5R1T4
WP_000847559.1	B7UJW3
WP_000137818.1	B5R0C2
WP_000910368.1	S4K3W1
WP_000660247.1	S4KH13
WP_000983585.1	V2NL16
WP_000098736.1	Q57S32
WP_000127276.1	B5R1P1
WP_000271292.1	S4JZL1
WP_000854398.1	S4K699
WP_000093362.1	Q57PT5
WP_001034952.1	A0A1C3AZI2
WP_000476814.1	S4KQ01
WP_001266522.1	B5QTF3
WP_000412192.1	S4K0F6
WP_000092933.1	S4JNG8
WP_001056404.1	Q57RC1
WP_000619387.1	Q57IW3
WP_001056260.1	P0A2C6
WP_001542329.1	P0A294
WP_000083128.1	Q57QN3
WP_000200193.1	B5R5B6
WP_000062035.1	Q57SM2
WP_001519337.1	A0A0N1VSN7
WP_000406008.1	P63424
WP_001094639.1	V2N2F4
WP_000205288.1	S4K3X3
WP_000830773.1	A0A0G2NJE8
WP_000462250.1	S4LT13
WP_000920822.1	Q8ZPM4
WP_000535913.1	S4KPT5
WP_000143859.1	Q7CQN5
WP_000789678.1	A0A1C2ZS03
WP_001576552.1	Q8ZKC8
WP_001199872.1	B5R6S2
WP_000904449.1	S4LWL5
WP_001065324.1	A0A0N1VTD2
WP_000565571.1	B4T5A0
WP_001160707.1	A0A1C3BI17
WP_000019988.1	B5FHV5
WP_000978691.1	S4K1Y0
WP_000059095.1	B5QUQ0
WP_000083201.1	V2NC35
WP_000155128.1	S4JZC1
WP_001151627.1	V2NGH0
WP_000537514.1	S4KG66
WP_000533921.1	Q57M74
WP_000083345.1	B5QTV6
WP_000775263.1	Q57LG9
WP_000175300.1	V2H7F6
WP_000893200.1	S4LDZ5
WP_001221260.1	V2NE30
WP_001524994.1	G9WCM8
WP_000339118.1	S4K793
WP_000796303.1	S4LLC3
WP_000754694.1	Q57N37
WP_000003851.1	S4LNG1
WP_000450462.1	V2NDU8
WP_000332026.1	P37427
WP_000093290.1	S4JQS5
WP_000560303.1	S4KB50
WP_000017414.1	S4K3D6
WP_001118268.1	V2NRT8
WP_000651540.1	S4KB19
WP_000813052.1	Q57JG6
WP_000764713.1	S4K2S2
WP_001541054.1	B5R3X9
WP_001128869.1	V2N3M4
WP_001261222.1	Q57QS9
WP_000074540.1	Q57M24
WP_000115436.1	B5RG68
WP_001247028.1	S4K8K9
WP_000844185.1	S4KA81
WP_001202260.1	S4KAR8
WP_000213760.1	V2NK67
WP_001518251.1	A0A0N2NZG0
WP_000184625.1	Q8Z8G4
WP_001576144.1	S4KH89
WP_001575673.1	V7UNP5
WP_000369539.1	S4LKJ2
WP_000148422.1	T2QFS5
WP_001192093.1	V2NAT7
WP_000929667.1	S4K4Q1
WP_000469628.1	B5RBW6
WP_000861341.1	Q57J17
WP_001110912.1	A0A0N2BL50
WP_000042640.1	Q57RU3
WP_000142528.1	Q9L6N6
WP_001050774.1	S4JN48
WP_001674924.1	A0A1C3AMQ7
WP_000845198.1	S4K8M3
WP_000998145.1	B5R369
WP_000781109.1	T2Q8Q7
WP_000558168.1	B5RFE2
WP_000838671.1	V2PCC4
WP_000432699.1	P0CL08
WP_000010567.1	P0A1J1
WP_000684804.1	V2NS10
WP_000856224.1	Q57NC4
WP_000589049.1	S4LJI1
WP_001539595.1	Q57R47
WP_001518451.1	A0A1C3AX74
WP_000945041.1	S4K7C0
WP_016697970.1	T2Q7R0
WP_000331869.1	S4K5Z5
WP_000174622.1	Q57T71
WP_001066984.1	Q08022
WP_000193689.1	S4LDR3
WP_001017760.1	S4KK12
WP_001284295.1	S4KFD9
WP_000680522.1	V2P605
WP_001080664.1	S4K6W6
WP_000458786.1	B5QYM1
WP_000639789.1	V2N998
WP_000926428.1	V2N430
WP_001091262.1	S4K4J1
WP_001260058.1	A0A0N2BP20
WP_000827456.1	S4LX94
WP_000866765.1	A0A1C3AS38
WP_001173729.1	Q57LF8
WP_000579793.1	S4L7Q6
WP_000863534.1	S4K0M2
WP_000020930.1	V2NLD4
WP_000091673.1	S4K955
WP_000102880.1	Q57LQ7
WP_000445376.1	S4K0H6
WP_001025369.1	B5R142
WP_000673950.1	S4JSJ1
WP_001285795.1	V2NGT7
WP_000809344.1	S4LSP3
WP_000174977.1	B5QWI3
WP_001270471.1	S4KBZ9
WP_001092577.1	S4KG56
WP_000257554.1	Q57HN3
WP_000690719.1	S4LC61
WP_000331364.1	S4K5F5
WP_001543603.1	Q57HD8
WP_000333324.1	Q57TJ3
WP_000218080.1	P0A211
WP_000919710.1	P40862
WP_000503106.1	S4KGY7
WP_000278499.1	P67094
WP_000402561.1	B5QY30
WP_000650985.1	Q05632
WP_000044648.1	B5RES4
WP_001172804.1	S4K2W0
WP_001241649.1	B5QYN6
WP_001253766.1	S4K4D9
WP_000936067.1	Q5PGP5
WP_001519005.1	V2PHR1
WP_001090461.1	V2D084
WP_000692101.1	S4K677
WP_000032882.1	S4K2A1
WP_000115065.1	Q57GU9
WP_001164756.1	Q57RX0
WP_000378277.1	B5QUQ4
WP_000907942.1	S4LTG5
WP_000488544.1	S4JRA7
WP_000653693.1	Q57N97
WP_001110452.1	A0A0N1VU22
WP_000722926.1	Q57LT5
WP_000172387.1	S4LTS9
WP_000874739.1	S4K400
WP_000665573.1	V2N7P4
WP_000852993.1	B5R9H7
WP_001136902.1	S4LLP9
WP_000490276.1	B5FTC0
WP_000373958.1	B5QYF1
WP_000096425.1	P0A1J6
WP_000795653.1	P55892
WP_000739136.1	Q57RS6
WP_001181297.1	P36674
WP_001096584.1	B5R5X1
WP_000586403.1	Q8Z5J7
WP_000052230.1	S4K0D0
WP_000460338.1	Q57GL8
WP_001270774.1	A0A0N2BIV4
WP_000872445.1	S4KQN8
WP_001218637.1	S4K9D1
WP_000770981.1	Q57PV7
WP_001094848.1	Q57K15
WP_001014765.1	S4KBF0
WP_000580299.1	Q57QD2
WP_001048662.1	S4JJ15
WP_000108340.1	V2HD65
WP_000073555.1	T2Q9R7
WP_001059954.1	S4KQ33
WP_000884995.1	S4KKP7
WP_000705590.1	S4LWW4
WP_001675339.1	A0A0L4M0U2
WP_000098879.1	Q57PK9
WP_000764661.1	B5QUS9
WP_000143967.1	B5RFC4
WP_000550636.1	Q8ZPD6
WP_000673153.1	S4JSA0
WP_000412353.1	V2NV50
WP_000774853.1	S4K7S5
WP_000024281.1	V2D1D8
WP_001009858.1	Q57SG0
WP_000123686.1	T2QCV5
WP_001278208.1	S4LWN9
WP_000561983.1	B5FR08
WP_000213257.1	P26465
WP_000144629.1	V2PEM8
WP_000628631.1	P41030
WP_000113921.1	Q57SG7
WP_000934972.1	S4KJH9
WP_000852664.1	Q57PA2
WP_000100008.1	Q57LF3
WP_001259009.1	S4K0W5
WP_001521829.1	S4K5T0
WP_000961479.1	V2MZ61
WP_001237787.1	P0A1Q3
WP_000050807.1	B5R196
WP_000626100.1	S4LPD0
WP_001114331.1	S4KH99
WP_000187818.1	Q9L646
WP_000075924.1	V2MVW9
WP_000404873.1	Q8ZK90
WP_000531538.1	A0A197IE50
WP_000761628.1	A0A1C3BSB9
WP_000393522.1	Q57M36
WP_000899098.1	S4JS86
WP_000645850.1	A0A0R9N4G1
WP_000730322.1	Q57NH5
WP_000951250.1	Q57RJ8
WP_001541306.1	Q57GW8
WP_000703943.1	S4JR66
WP_000790036.1	B5QYI4
WP_000378431.1	Q57KV9
WP_000047525.1	B4TB13
WP_000992636.1	S4L813
WP_000229009.1	Q57HN8
WP_001277205.1	B5FUW5
WP_000998242.1	A0A0N1VRW2
WP_000907242.1	Q5PMZ4
WP_000200803.1	S4KJI4
WP_000800494.1	V2PRG4
WP_001223032.1	Q57QH4
WP_000951004.1	A0A0L2LVP7
WP_001036949.1	S4K8T3
WP_000255991.1	Q57S30
WP_000871548.1	A0A0N2BG80
WP_000114633.1	S4K511
WP_001294466.1	B5R4A8
WP_000561676.1	B5QZB9
WP_000212724.1	Q57GF2
WP_000790154.1	B5FRC7
WP_001275606.1	A0A1C3BZR5
WP_001249902.1	B4SYW7
WP_001119850.1	S4KL28
WP_000948174.1	S4KK86
WP_001293277.1	S4KEI3
WP_001213256.1	Q57PU3
WP_000083880.1	S4KFW4
WP_000568155.1	Q57M44
WP_000450198.1	S4K933
WP_001282270.1	S4K063
WP_000224865.1	A9N7E3
WP_001522145.1	A0A1C3B0C2
WP_000719822.1	A0A0N2BLK6
WP_000951810.1	B5R1U0
WP_000528480.1	S4JXA5
WP_001274930.1	B5F4U9
WP_000813882.1	B5EZL4
WP_000130175.1	P66956
WP_000549823.1	S4KFP5
WP_000756089.1	Q57PQ5
WP_001676220.1	T2QAB8
WP_000870887.1	S4K0V6
WP_000691374.1	P0A2J9
WP_000203611.1	S4JUP1
WP_001079746.1	A0A0N2BHS4
WP_000203973.1	B5FKT6
WP_000003339.1	P28354
WP_001031038.1	P37430
WP_000689824.1	B5R3H1
WP_000510914.1	B5R1A7
WP_000249415.1	B5R578
WP_000106251.1	S4JX24
WP_000220582.1	S4KJK5
WP_000416339.1	S4KER4
WP_000176719.1	V2NI65
WP_001271699.1	P0A1P7
WP_000192118.1	S4JX21
WP_000938186.1	S4KGR5
WP_001230575.1	Q57NQ6
WP_000765366.1	T2Q5U3
WP_000359836.1	V2N330
WP_000976289.1	A0A0N2BRZ9
WP_001233445.1	Q57NE2
WP_001248128.1	B5EZS0
WP_000763894.1	S4KBW4
WP_001012854.1	S4LU64
WP_000535396.1	C0Q792
WP_000580335.1	B5R1V8
WP_000669611.1	S4K8B1
WP_001109076.1	A0A0T9X061
WP_001092600.1	B5F6I9
WP_000117932.1	V2N9K0
WP_001552089.1	A0A0Q9Z640
WP_000382570.1	Q57GZ9
WP_000801496.1	V2NAN9
WP_000805107.1	S4KDT4
WP_000440300.1	Q57JA1
WP_000544915.1	S4K1Z1
WP_000673284.1	B5R4I5
WP_000487333.1	S4K279
WP_001070477.1	S4LLP7
WP_001241346.1	Q57LG8
WP_000187554.1	B5QW75
WP_000106992.1	V2NBK0
WP_000024794.1	V2PRD9
WP_016696011.1	A0A143F5F4
WP_000543922.1	V2N2K8
WP_000702990.1	S4KLF4
WP_000173418.1	S4JVM3
WP_000431778.1	Q57M96
WP_000157031.1	V2N3K9
WP_000760692.1	S4K5E6
WP_001282824.1	S4KJX4
WP_000252975.1	Q57N93
WP_000045169.1	P0A1F7
WP_001264837.1	A0A1C3AX10
WP_000920395.1	S4LG77
WP_000080608.1	B5QVV9
WP_000698207.1	S4LWM5
WP_000940032.1	Q5PNG3
WP_000448401.1	V2PRF9
WP_000858711.1	V2PP11
WP_001131737.1	Q57IW2
WP_000047242.1	B5RDF2
WP_000110571.1	S4LWQ4
WP_001236024.1	Q57RA9
WP_000722370.1	S4LJ23
WP_000939753.1	B4SYI7
WP_000858952.1	V2NEN8
WP_000954843.1	S4KKQ7
WP_000754796.1	S4K749
WP_000151703.1	B5R1T9
WP_001244064.1	S4K4R1
WP_000243998.1	Q57KQ7
WP_000017360.1	Q8ZKH9
WP_000495848.1	O68927
WP_000555674.1	Q57M46
WP_000442726.1	B5QWH6
WP_000681340.1	Q57TM1
WP_000106907.1	V2PAI7
WP_001258231.1	B5FII7
WP_000999264.1	S4K5A0
WP_000377050.1	S4LIN7
WP_001228996.1	S4JJ70
WP_000553526.1	C0Q0V4
WP_000592133.1	V2P4Y1
WP_000091939.1	B5RH30
WP_001016849.1	Q57RX2
WP_001005986.1	B5R736
WP_000137619.1	B5QYF2
WP_000782497.1	V2N8L4
WP_000899149.1	Q57GS6
WP_000460169.1	Q5PCH2
WP_001119554.1	E1W9W8
WP_001245277.1	Q57IP7
WP_000511974.1	V2MYE6
WP_001224208.1	S4K0N3
WP_000839732.1	S4JZY7
WP_001046799.1	V2PTY8
WP_001537775.1	V2MU20
WP_000388323.1	Q9R803
WP_000985570.1	Q57I07
WP_001187298.1	V2NGX0
WP_000215251.1	S4K4X9
WP_000022509.1	B5F3J2
WP_000517117.1	S4K3Q4
WP_000876084.1	S4KQ99
WP_000835182.1	Q57M95
WP_001128188.1	B5F2T4
WP_000419096.1	B5R2Z4
WP_000183642.1	Q57L51
WP_000580911.1	S4JZC2
WP_001089290.1	Q57GL5
WP_000428751.1	Q57GD6
WP_000694480.1	S4K8L1
WP_000103971.1	S4LIP6
WP_000885526.1	S4K587
WP_000944083.1	B5RFJ4
WP_000056937.1	S4LDX5
WP_000011203.1	S4K4N8
WP_000336848.1	S4L7W9
WP_000121823.1	S4KJW3
WP_000516576.1	Q57I77
WP_000612171.1	P35671
WP_000884796.1	S4K5A3
WP_000347819.1	V2MS26
WP_000749994.1	V2N6T2
WP_000766837.1	Q8ZRI4
WP_001519539.1	B5FJF9
WP_001012971.1	S4LS50
WP_000248615.1	V2N628
WP_001123028.1	S4KPY8
WP_000533863.1	S4K0H1
WP_001575804.1	O87576
WP_000091796.1	A0A0N2BNK2
WP_000678486.1	S4LDT9
WP_000491118.1	Q57R62
WP_001129712.1	S4K9K1
WP_001518643.1	Q57KM3
WP_000023807.1	V2MUI1
WP_000049249.1	Q57IZ8
WP_000147832.1	V2NQP2
WP_001168062.1	P0A1B5
WP_000893646.1	S4LFT4
WP_001173257.1	S4KG95
WP_001181567.1	S4JR23
WP_000002388.1	S4JVH1
WP_001081707.1	V2N970
WP_001196907.1	B5QUY5
WP_000084583.1	V2N9V0
WP_001096521.1	V2MXT1
WP_001675326.1	S4K564
WP_001182976.1	B4TGX0
WP_000342245.1	S4JR87
WP_001123326.1	S4LD83
WP_000825951.1	S4K9G2
WP_000202370.1	V2NCS1
WP_001188371.1	V2N4R4
WP_000414259.1	V2NC04
WP_000052802.1	P0A252
WP_000785061.1	Q8Z7P9
WP_001265465.1	P22715
WP_001187494.1	B5RFH8
WP_000945632.1	S4KMV9
WP_000122681.1	V2D3G2
WP_001227393.1	S4K4C5
WP_001249412.1	Q8ZPZ1
WP_000716756.1	S4LIY3
WP_000019607.1	B4TYS8
WP_000525440.1	V1W1E7
WP_001246659.1	Q57KQ8
WP_000999759.1	S4JVS6
WP_000362363.1	B5QYF3
WP_000948739.1	Q57M70
WP_001575195.1	S4K7A7
WP_000465898.1	S4JW78
WP_000256145.1	G5RHV1
WP_001235566.1	V1IDR5
WP_000184702.1	S4JSI5
WP_000623276.1	S4LR30
WP_001175071.1	B5RAN4
WP_000446774.1	S4K8P9
WP_000075046.1	B5QY11
WP_001196254.1	Q57HP4
WP_001158234.1	V2PRA7
WP_000126152.1	Q57KY0
WP_000834260.1	S4K5P7
WP_000072047.1	P0A2I3
WP_000372865.1	S4JJ62
WP_000971655.1	Q57KM2
WP_001136822.1	B5BE26
WP_000992943.1	B4TBF6
WP_001118683.1	S4KM70
WP_001256083.1	S4LEC1
WP_000951381.1	S4K7H7
WP_000377800.1	V2NQJ6
WP_014341090.1	S4K781
WP_001157315.1	S4K6X2
WP_001077372.1	V2NJ28
WP_000599761.1	A0A0N2BPL3
WP_001201475.1	S4LX11
WP_000368441.1	B5QWI6
WP_001198403.1	B5EXI7
WP_000138786.1	S4KG70
WP_000215562.1	Q57PC8
WP_001193266.1	S4LKF6
WP_000637930.1	V2N030
WP_000192496.1	B5R396
WP_001109927.1	Q57PA5
WP_000056599.1	S4K766
WP_000106464.1	S4KD54
WP_000259651.1	S4KJV9
WP_001576530.1	V2DKC3
WP_001113812.1	S4JST5
WP_001532069.1	S4LX62
WP_000337038.1	S4LNY9
WP_000954982.1	B5QVW1
WP_000085115.1	S4K6N7
WP_001194086.1	V2N845
WP_000815603.1	A0A0N2NZP2
WP_000343147.1	V2N5Z2
WP_000825916.1	S4KGH9
WP_000679050.1	S4JVF6
WP_001213897.1	S4K2S6
WP_000257723.1	Q57NB8
WP_001195551.1	S4KCQ8
WP_000803764.1	S4KM60
WP_000855134.1	Q57JA3
WP_000616953.1	P54702
WP_001189401.1	A0A0N2BNQ4
WP_000751447.1	P77983
WP_000241458.1	V2NDZ8
WP_000079010.1	S4KBQ9
WP_000705278.1	V1WUZ2
WP_000203795.1	V2NID4
WP_000880965.1	V2NG74
WP_000368558.1	V2N426
WP_001576543.1	A0A0L3VN80
WP_000078780.1	S4JSK2
WP_001072447.1	S4JWP0
WP_000268244.1	S4K5D6
WP_000144665.1	S4KMH4
WP_000183587.1	T2Q4F2
WP_000095232.1	A0A0N2BQV3
WP_001522616.1	A0A1C3BR79
WP_001576548.1	S4KCW9
WP_000848113.1	P35672
WP_000606288.1	V2NIA9
WP_000269312.1	S4K267
WP_000373272.1	V2GNZ9
WP_001537859.1	V2N8R7
WP_000149625.1	P0A1W9
WP_000240837.1	V2PRB4
WP_001042123.1	Q8Z5X5
WP_000753665.1	Q9ZFU7
WP_001038948.1	S4LTT2
WP_001293591.1	V2MVJ2
WP_000476069.1	Q57QB9
WP_000569653.1	S4LEK3
WP_001576244.1	Q57M21
WP_000205515.1	A0A1C3ATC0
WP_000344299.1	V2P8Z3
WP_001676883.1	S4JQR4
WP_000281185.1	Q57P28
WP_001117940.1	A0A0T9YD57
WP_001255563.1	B5RCD1
WP_001273034.1	S4K3I0
WP_001272703.1	S4JSB9
WP_000874176.1	B5F5H2
WP_000410844.1	V2PBU0
WP_000736978.1	S4K6C6
WP_001025515.1	S4K343
WP_000673474.1	Q57I01
WP_001111676.1	S4JSP0
WP_000184323.1	S4K2N1
WP_001232417.1	Q57GL6
WP_000186618.1	P37174
WP_000914537.1	S4LDC3
WP_000847719.1	P62362
WP_001139588.1	S4KPB1
WP_001110587.1	S4JR94
WP_000426135.1	B5RCG0
WP_000011577.1	B5QZC2
WP_000678819.1	A0A1C3B380
WP_000159621.1	Q57IQ9
WP_000763139.1	Q57SI6
WP_001668204.1	A0A1C3C9C2
WP_000355881.1	S4KJR4
WP_001120233.1	S4LR40
WP_001118864.1	Q57J52
WP_000024943.1	Q57HU2
WP_000389924.1	A0A0F3J5U5
WP_000133442.1	V2N717
WP_000436889.1	Q57R08
WP_000906175.1	Q5PDM7
WP_000826040.1	S4KM52
WP_001001844.1	S4K1I3
WP_000402189.1	V2N7Y0
WP_001233619.1	P0A1N5
WP_000879181.1	P27670
WP_001065812.1	A0A0H3SPF0
WP_001518021.1	V2N7U5
WP_000241015.1	Q57MC5
WP_000935415.1	S4K952
WP_001277825.1	B4T0L0
WP_000536017.1	V2NRD6
WP_000090067.1	Q8Z0T9
WP_000063118.1	P63366
WP_000150103.1	A0A0N2BQZ2
WP_000785978.1	Q57N11
WP_001032200.1	S4L7H3
WP_024133605.1	A0A1C3ALC1
WP_000017181.1	Q57T43
WP_000495330.1	Q57S36
WP_000695626.1	B5R3U6
WP_000007299.1	P0A2F5
WP_001052197.1	S4JTP8
WP_000444724.1	O30917
WP_001055305.1	Q8ZL63
WP_000395783.1	A0A1C3BBM4
WP_000111020.1	S4K7N9
WP_001240420.1	S4K8R5
WP_001188269.1	S4K6V6
WP_001520173.1	S4LR00
WP_001005424.1	Q8ZNN5
WP_001192410.1	Q57HN1
WP_000201805.1	P40723
WP_000217112.1	C0Q3L4
WP_001225197.1	S4KDY8
WP_001045494.1	B4TUK1
WP_001279787.1	B5QU35
WP_000781183.1	Q57MG2
WP_001160671.1	B4SZ51
WP_000193201.1	V2NH77
WP_000578682.1	S4K9M1
WP_000606265.1	S4LJX8
WP_000994230.1	V2NAA9
WP_000284051.1	Q57SU4
WP_000004387.1	B5R1Q9
WP_001078791.1	V2N4X1
WP_000886600.1	B5QZL1
WP_000711025.1	S4LC65
WP_001676378.1	V2DH62
WP_000359415.1	B5QXA9
WP_001266771.1	S4JSS7
WP_001157167.1	V2NNL6
WP_000447499.1	Q57R57
WP_001675359.1	T2QD26
WP_001051207.1	Q57HM0
WP_000024715.1	S4K3S7
WP_000182929.1	S4KKJ7
WP_000757445.1	S4K6A0
WP_001519893.1	A0A0N2NWK9
WP_001026760.1	Q93CH6
WP_000675711.1	S4KHC9
WP_000558960.1	Q57KA9
WP_001138873.1	S4KI63
WP_000704825.1	V2NF32
WP_000828182.1	V2MZN6
WP_001253411.1	Q57N21
WP_000957881.1	S4KAI3
WP_000754713.1	S4LS70
WP_000131700.1	S4JTI2
WP_000789530.1	V2N597
WP_000196151.1	S4JJB9
WP_000781521.1	Q57N61
WP_000420452.1	Q8ZMH3
WP_000706266.1	B5RAG0
WP_000993799.1	S4KAQ9
WP_000117945.1	S4JYV9
WP_001081935.1	Q57GW7
WP_000458887.1	B5R271
WP_000165625.1	S4LKJ9
WP_000130101.1	B5RH24
WP_000097255.1	V2EF20
WP_000424949.1	S4LLP4
WP_000525764.1	B5R066
WP_001676430.1	S4K3X5
WP_000047544.1	Q7CP78
WP_001030503.1	Q7CQV5
WP_001104336.1	Q57KR0
WP_000047269.1	Q57TL3
WP_000178242.1	S4LEP4
WP_000030934.1	S4LQH5
WP_001675822.1	A0A0F3IZY8
WP_001160192.1	Q7CQB9
WP_000247855.1	Q5PN53
WP_001529852.1	S4KIR2
WP_031602386.1	A0A0F7DJ36
WP_000547737.1	A0A0N1VNH8
WP_000766328.1	T2PP97
WP_001163182.1	P50335
WP_000067792.1	B5R8I0
WP_001198739.1	T2PX77
WP_000357725.1	V1N6M4
WP_000382926.1	C0PZN5
WP_000444887.1	A0A159ZI29
WP_001211193.1	Q8ZPK2
WP_001122550.1	B5R0N7
WP_000074095.1	T2PRB7
WP_000058677.1	A0A1C3AWU5
WP_001117609.1	T2QK74
WP_000032793.1	T2PYH3
WP_000130424.1	T2PSN2
WP_001269950.1	B5FMP3
WP_000230462.1	P36638
WP_000818378.1	P0A189
WP_001059351.1	A0A1C3ARB1
WP_001238438.1	T2Q0N9
WP_000358566.1	A0A1C3ANY9
WP_000401061.1	T2PNL8
WP_001145156.1	T2PQW9
WP_000463074.1	B5QZR6
WP_001519746.1	B4TRS3
WP_001273277.1	A0A1C3APN9
WP_001250363.1	T2PTS6
WP_000154868.1	T2PUY7
WP_000804536.1	V1MKU6
WP_000554310.1	B5R3B6
WP_000877720.1	B5REM5
WP_000706370.1	T2PP60
WP_000224104.1	A0A0W5W7N5
WP_000825860.1	A0A1C3AVJ1
WP_000027827.1	B5R990
WP_000443192.1	T2PYR7
WP_001085598.1	A0A0G2NUT2
WP_001170622.1	A0A0N2BK91
WP_001036511.1	T2PTF7
WP_000982964.1	A0A0N2NWV8
WP_000323791.1	T2PNP6
WP_001120249.1	A0A0N1VQI0
WP_001219664.1	P0A2R7
WP_001033031.1	S4KCB9
WP_000983126.1	P0A2N6
WP_000886697.1	Q5PGI6
WP_000888724.1	A0A1C3A1N1
WP_000535000.1	V7UZT9
WP_000090743.1	B5RF94
WP_000946832.1	A0A1C3ARD7
WP_000164206.1	S4KJ99
WP_000212197.1	V1NYM7
WP_000002497.1	A0A0N2BKM5
WP_000225087.1	A0A1C2ZV64
WP_001094907.1	V7V1Z1
WP_000272845.1	A0A0N2BJG5
WP_000036902.1	T2PYZ5
WP_001180689.1	T2PSL0
WP_000591405.1	T2PZ09
WP_001520286.1	A0A0N2BHA9
WP_000776974.1	Q57NL3
WP_000158685.1	T2Q3S7
WP_000383274.1	B4T512
WP_001128487.1	T2PYZ1
WP_000646505.1	T2PYS7
WP_000559310.1	A0A1C3A2N2
WP_000749515.1	A0A1C3AMW6
WP_001176284.1	Q57NU9
WP_000170380.1	Q5PNF2
WP_000213062.1	V1WR59
WP_001176527.1	T2PP66
WP_001526439.1	A0A0H3BTB8
WP_001192954.1	A0A1C3ANN9
WP_000878874.1	T2PQC9
WP_000098652.1	T2Q033
WP_001287612.1	T2Q031
WP_000703619.1	T2PNB3
WP_000738617.1	A0A1C3ANL3
WP_001274458.1	Q8ZM03
WP_000444508.1	T2Q0R2
WP_000545419.1	X2KE87
WP_000994698.1	V7UPK0
WP_000042502.1	Q57RF9
WP_001230062.1	B5RF45
WP_000377163.1	B5FI29
WP_000892056.1	A0A1C2ZTH3
WP_001145562.1	A0A1C3ATK4
WP_000940482.1	T2PVH1
WP_000467158.1	A0A1C3AJX9
WP_000350226.1	A0A1C2ZVK0
WP_000944340.1	B5R9F7
WP_001518078.1	A0A1C2ZS48
WP_000259117.1	A0A0N1VLZ6
WP_000702615.1	T2PSU5
WP_000762406.1	P0A2P9
WP_001676772.1	T2Q0E3
WP_000749365.1	B5FN16
WP_001224051.1	V1M5M2
WP_000132082.1	B5EXV0
WP_000209763.1	B5FTD0
WP_000421814.1	S4KVQ8
WP_000312605.1	A0A0N2NXD5
WP_000331200.1	A0A1C3AV93
WP_001221120.1	T2PS52
WP_000803317.1	T2PVU1
WP_000977709.1	Q56113
WP_000416139.1	T2PWT5
WP_000602034.1	T2PSU2
WP_000149710.1	T2PZJ7
WP_000621238.1	P41786
WP_000581213.1	T2PZ62
WP_000229830.1	A0A0N1VPU7
WP_000870686.1	A0A0N2BEA1
WP_001192149.1	X2KMR7
WP_000833307.1	P0A201
WP_000891378.1	V1MNQ7
WP_000922298.1	T2Q0P4
WP_000220313.1	T2Q0Z8
WP_001022826.1	A0A1C3A2I1
WP_000856775.1	B5QY68
WP_001148008.1	P64281
WP_000901960.1	A0A0N2BG34
WP_000386728.1	Q5PN54
WP_000981984.1	A0A1C3ANR0
WP_000095957.1	T2PNW1
WP_000993424.1	A0A1C2ZS36
WP_000243749.1	B5RES1
WP_001213790.1	P37419
WP_000932249.1	A0A0M0QVF7
WP_000753341.1	A0A0N2BI80
WP_000795475.1	T2Q685
WP_000741216.1	B5R421
WP_000088026.1	B4TBA6
WP_001098928.1	T2PVW9
WP_000376346.1	T2PMZ9
WP_000824240.1	A0A1C3A385
WP_000911097.1	P08005
WP_000398135.1	B5R2A8
WP_000156448.1	A0A1C3ATU6
WP_000188476.1	S4KWL7
WP_000198484.1	A0A1C3AJB6
WP_000850262.1	T2PPW5
WP_000760414.1	A0A1C3A2T3
WP_000901088.1	A0A0N2BIH7
WP_001196059.1	B5R0S1
WP_000853908.1	T2PY52
WP_000179978.1	B5BAR7
WP_000431401.1	B5F3P7
WP_000174693.1	B5EWK2
WP_000194136.1	T2PXT5
WP_000617729.1	V1MIF7
WP_000167332.1	Q57R19
WP_001168551.1	B5EX66
WP_001195280.1	A0A1C3AVM9
WP_000718067.1	A0A0G2NP29
WP_000919512.1	T2PTH8
WP_000028048.1	T2Q1I9
WP_001520714.1	P40612
WP_000619297.1	A0A0M0Q132
WP_001576139.1	B5RB34
WP_000178091.1	T2PZ87
WP_001521946.1	A0A1C3ALM9
WP_001000736.1	B5R0N8
WP_000146133.1	A0A1C2ZUN8
WP_000136183.1	A0A1C2ZPK2
WP_001188918.1	Q8XFG0
WP_000006865.1	B4SXM8
WP_000804678.1	B5R4N3
WP_000815479.1	B5QYB0
WP_000626630.1	A0A0N2BKE7
WP_000060081.1	B5EYB2
WP_000039870.1	B5FTU1
WP_000046981.1	P0A1K1
WP_000724134.1	B5QWR0
WP_001237395.1	A0A0W3KLU9
WP_000109268.1	B5QYP8
WP_001078539.1	T2PU54
WP_000843434.1	P0A2T4
WP_000423338.1	V1NE23
WP_000046629.1	A0A1C3AJ58
WP_000714799.1	Q8ZP50
WP_001089447.1	B4TNT2
WP_000158346.1	T2PVS6
WP_000207646.1	B5F6U1
WP_001521476.1	A0A0N2NY08
WP_000228709.1	A0A0N2BFK8
WP_001117984.1	A0A0M0Q2N7
WP_000226831.1	T2PUB8
WP_001046438.1	A0A1C3AUJ2
WP_001519447.1	A0A1C2ZYS9
WP_000716011.1	X2KS40
WP_000978052.1	B5R274
WP_000136394.1	A0A1C3AP38
WP_000913396.1	P0A9X4
WP_001292977.1	A0A1C3AIZ5
WP_000985655.1	T2PZ91
WP_000131732.1	B5RCN6
WP_001130194.1	B5QV71
WP_001240929.1	B5R3J0
WP_001041686.1	T2PVX9
WP_001521643.1	P26402
WP_000132878.1	T2PQE2
WP_000831522.1	B5QZ24
WP_001171826.1	A0A1C3AKZ8
WP_000907030.1	B4TY75
WP_000972855.1	A0A1C3AUW9
WP_000274596.1	T2Q1D7
WP_001131425.1	T2PX23
WP_000899412.1	B5R3F1
WP_000033685.1	A0A1C3AQ93
WP_000091706.1	Q57K04
WP_000132650.1	A0A1C2ZTI5
WP_001109233.1	V1MEU2
WP_000667302.1	B5FKR0
WP_000719037.1	B5R7G4
WP_000374031.1	A0A1C3AIB0
WP_000190499.1	A9MJR9
WP_001675060.1	B5RFT2
WP_001023658.1	T2PVM1
WP_000186390.1	T2Q8W0
WP_001518229.1	A0A1C3A2B9
WP_000948651.1	A0A0N1VP31
WP_000644705.1	T2Q424
WP_000424866.1	B4T0V8
WP_000368579.1	T2PUI2
WP_000611307.1	V1MRH8
WP_000508175.1	A0A1C2ZYL0
WP_000180123.1	A0A1C2ZZI3
WP_001023844.1	T2PVY3
WP_000100071.1	A9N5R5
WP_000288507.1	T2Q2A6
WP_000146451.1	B5R3H2
WP_000951681.1	T2PSP9
WP_001162094.1	Q0TCG6
WP_000856766.1	P0A1B9
WP_000755625.1	T2Q1R8
WP_001676217.1	P33387
WP_000026889.1	A0A1C2ZVK6
WP_001241620.1	T2PVE0
WP_001095241.1	B5FP58
WP_001129315.1	T2PSN5
WP_000489630.1	P66950
WP_001098833.1	Q8ZLX2
WP_001285275.1	B5R5R8
WP_001535484.1	A0A0G2NJK4
WP_000484083.1	T2Q1X8
WP_001165127.1	B5BHN9
WP_000132748.1	T2Q2I5
WP_000019294.1	A0A117G3Y9
WP_000003527.1	A0A0N2NWU7
WP_001196089.1	T2Q1B9
WP_000151045.1	A0A1A9M4B6
WP_000950242.1	Q8ZRF7
WP_000650595.1	T2PS73
WP_000893239.1	B5R4S6
WP_001219273.1	B5R5Y4
WP_001107481.1	P63344
WP_001523476.1	V1MNM7
WP_000477024.1	A0A0N2BI02
WP_001277879.1	A0A1C2ZR56
WP_000172039.1	A0A0N2BJK8
WP_000267688.1	T2PS56
WP_001043667.1	A0A1C3AJ78
WP_000722258.1	T2PZ56
WP_000480785.1	T2Q2G9
WP_000113030.1	B5R6V8
WP_000210932.1	T2PWB0
WP_000272193.1	B5FJ11
WP_000214106.1	A0A1C3AL32
WP_000610827.1	T2Q2B5
WP_000941953.1	B5FKP6
WP_000786288.1	V7V011
WP_000738037.1	T2PSZ3
WP_000551934.1	A0A1C3AWW5
WP_000178963.1	A0A1C2ZVL2
WP_000393711.1	A0A0N2BKH6
WP_001090894.1	B5R583
WP_000806786.1	B5RDV5
WP_001072353.1	T2PU79
WP_000729450.1	A0A1C3AW30
WP_001254855.1	T2Q2B0
WP_000787603.1	Q8ZRJ9
WP_000916622.1	T2PS51
WP_000799391.1	E1WF94
WP_000965537.1	A0A1C3AQA5
WP_000556502.1	T2Q2H9
WP_000705166.1	T2Q1S9
WP_000746116.1	A0A1C3AMQ6
WP_000587744.1	A0A1C3ANY0
WP_001276437.1	A0A1C3AJF4
WP_001540308.1	Q57MY3
WP_000526016.1	P40700
WP_001139611.1	B5R163
WP_000742558.1	T2PTE4
WP_000737127.1	A0A0N2BF19
WP_000028433.1	B5RGS6
WP_000888110.1	T2PUI0
WP_001292018.1	B5FJW9
WP_000983569.1	A9MX50
WP_000800482.1	Q5PDE6
WP_000457328.1	A9MNJ9
WP_000781492.1	T2Q2M4
WP_000108105.1	T2Q1C7
WP_000753927.1	P33388
WP_000996127.1	T2Q3T6
WP_000951416.1	A0A0N2NWL3
WP_000190927.1	V7UCW0
WP_000665980.1	A0A0N2BJF2
WP_000606358.1	T2PP42
WP_000069440.1	A0A0W5ES47
WP_001209387.1	T2PTE1
WP_001128105.1	T2PNS8
WP_000798202.1	T2PTI8
WP_001044884.1	A0A0N2NXD2
WP_000128242.1	A0A0N1VNM6
WP_000105597.1	T2Q246
WP_000770911.1	T2PVM5
WP_000615248.1	V7URV4
WP_000928699.1	B4SVM1
WP_000888705.1	T2PRR3
WP_000766155.1	A0A1C3ALZ3
WP_001202375.1	A0A1C3ATU7
WP_000013100.1	Q8ZM06
WP_001086413.1	T2PWN0
WP_001275809.1	A0A0N1VP33
WP_000927219.1	P0A1I4
WP_000252024.1	A0A0M0Q5F0
WP_000964305.1	B5EWS4
WP_000557882.1	A0A1C3A0H9
WP_000973041.1	Q8ZRJ7
WP_000504711.1	T2PSJ4
WP_000722975.1	B5R5U2
WP_000257211.1	P0A1B2
WP_000009014.1	T2PVV6
WP_000877512.1	T2PS25
WP_000257298.1	A0A0W6QIR4
WP_000861586.1	B5F7L9
WP_001674846.1	A0A0V1YKX6
WP_000433131.1	A0A1C3AJ35
WP_000111257.1	T2Q0G4
WP_001136079.1	V1MRA4
WP_001670701.1	A0A1C3AP78
WP_000822143.1	T2PSX4
WP_001020583.1	A0A1C2ZPW7
WP_000376877.1	T2PTJ5
WP_000572196.1	Q8ZLF3
WP_000753958.1	P26982
WP_001005548.1	A9N0G6
WP_000979905.1	T2PSM9
WP_000104231.1	A0A0N2NX46
WP_001292402.1	A0A1C2ZQR7
WP_000918457.1	B5EZR6
WP_000403144.1	T2QFC3
WP_000117748.1	A0A0N2BJL3
WP_001222795.1	A0A0W3YLH6
WP_000377779.1	A0A100PN43
WP_000266515.1	A0A1C2ZZT6
WP_001039337.1	A0A1C2ZX80
WP_000249224.1	T2PUQ3
WP_001078822.1	T2PP36
WP_001182227.1	T2PNS4
WP_000291812.1	A0A1C3AJ25
WP_000009908.1	A0A0N2NXL4
WP_001148955.1	A0A0N1VQI9
WP_000842433.1	T2PXG5
WP_000097553.1	V7UZL4
WP_000965996.1	B5QW85
WP_000558988.1	Q05601
WP_000697846.1	T2PY21
WP_000511321.1	T2PUT3
WP_001290670.1	B5QW35
WP_000245820.1	V8MEX9
WP_000798708.1	T2PPS6
WP_000481517.1	O54294
WP_000917263.1	T2Q0I1
WP_000918353.1	P0A1Q4
WP_000713057.1	P40822
WP_001143034.1	T2PR84
WP_001540172.1	B5R6J8
WP_000176213.1	A0A0N2BHE1
WP_001518349.1	A0A0N2BK78
WP_000020450.1	P0A1J0
WP_000455790.1	A0A0W5W6P8
WP_000029229.1	T2Q4W9
WP_000103563.1	V7V151
WP_000065416.1	A0A1C2ZXG2
WP_000205241.1	V7UY76
WP_000211206.1	T2PTK0
WP_000729164.1	B5QUV5
WP_001115195.1	B5QX61
WP_000189582.1	B5R4S2
WP_001576018.1	A0A0L9F7U4
WP_000081368.1	B5R5T7
WP_000656608.1	T2PZL3
WP_000150619.1	A0A0N2BM17
WP_000624273.1	S5HUE6
WP_000225188.1	T2PND0
WP_000815468.1	B4SZI8
WP_000800134.1	A0A1C3AUD8
WP_000359649.1	T2PQS0
WP_000736459.1	A0A1C3AU80
WP_001029665.1	Q57JC9
WP_000684917.1	T2Q1J6
WP_000494943.1	T2PPF2
WP_001046894.1	T2PS55
WP_000389238.1	T2PNX7
WP_000383436.1	A0A0W5EPJ2
WP_000379342.1	B5EWL1
WP_001157197.1	T2PX22
WP_000553259.1	T2Q2C0
WP_001152416.1	T2PNY6
WP_000121974.1	T2PNP9
WP_000820358.1	Q4VYA5
WP_001138256.1	T2PTQ7
WP_000612838.1	B5R904
WP_000050305.1	T2PQL9
WP_000634748.1	T2Q396
WP_000661597.1	A0A0N1VPH9
WP_001519895.1	A0A1C3AX41
WP_000203996.1	A0A0N2BL24
WP_000708447.1	B5QZ40
WP_001520560.1	A0A1C2ZXF1
WP_000484505.1	A0A0N2BGR3
WP_000123188.1	A0A1C3A094
WP_000615840.1	A0A0N2BHC6
WP_001284963.1	T2PQJ4
WP_001159470.1	V7UNP8
WP_000602086.1	T2PS84
WP_001246038.1	T2PTD7
WP_000692056.1	T2QC74
WP_000158143.1	B5QTD6
WP_000149758.1	T2PNP7
WP_000859023.1	A0A0N1VQ55
WP_000107113.1	V7UAX2
WP_000777316.1	T2PYX6
WP_001103477.1	A0A1C3AN19
WP_000071169.1	B5F6U4
WP_001018214.1	P0A1X6
WP_001533245.1	A0A1C3AJW6
WP_000775561.1	Q8ZQU3
WP_001520204.1	A0A0N1VMP6
WP_000235795.1	S4HST3
WP_000081498.1	D0ZVL4
WP_000228326.1	T2Q299
WP_000782139.1	T2PN64
WP_000780341.1	A0A0N2BH64
WP_000995694.1	A0A1C2ZT90
WP_000991056.1	T2PU03
WP_000018223.1	T2PVW3
WP_000511011.1	S4M968
WP_001538994.1	T2QF77
WP_000409190.1	A0A1C3AK62
WP_001137620.1	P0A205
WP_000194823.1	A0A1C3ATL5
WP_000301822.1	A0A1C3AL43
WP_000405052.1	T2PXX5
WP_001267701.1	T2PY64
WP_000642235.1	A0A0N2BG57
WP_001245855.1	T2PVR3
WP_000150523.1	A0A1C3A293
WP_000828700.1	A0A1C2ZRA5
WP_000979653.1	P08006
WP_000789466.1	T2Q024
WP_000695695.1	T2PUA6
WP_000175965.1	B5F516
WP_001067413.1	Q8Z2T5
WP_000528525.1	A0A1C2ZVL1
WP_000970304.1	T2Q7K9
WP_001060733.1	T2PNQ1
WP_000105553.1	B5FUJ0
WP_000462653.1	P58661
WP_000013564.1	T2PUA3
WP_000338852.1	A0A1C3AN73
WP_001194543.1	A0A1C2ZPM2
WP_001217365.1	B4SU63
WP_000906312.1	P55891
WP_000617546.1	Q8XGM6
WP_000007236.1	P0A2C9
WP_001051100.1	P0A1S4
WP_000940815.1	T2Q3V0
WP_000765815.1	A0A0N1VQD7
WP_000865260.1	V8MJ66
WP_000334054.1	S4KHL1
WP_000777530.1	T2PWM8
WP_000919304.1	A0A0W4QJI4
WP_001274690.1	A0A1C2ZSA0
WP_001538325.1	A0A1C3AX48
WP_000872758.1	B5QY05
WP_000144381.1	A0A0N1VM83
WP_000445198.1	B5QYQ8
WP_001160955.1	A0A0W5W6Y3
WP_000809969.1	V1MAY5
WP_000488349.1	A0A0N2BF69
WP_000864924.1	T2PPR3
WP_000381544.1	P0A2K9
WP_000018570.1	B5RAW9
WP_000345361.1	T2PN73
WP_000156667.1	B5EZJ7
WP_001054532.1	P0A295
WP_000802538.1	A0A1C3A0C9
WP_000683343.1	A0A1C3AMM2
WP_001067723.1	A0A1C2ZPM4
WP_001291233.1	Q8ZP51
WP_001029734.1	T2PWL4
WP_000636564.1	P69935
WP_001051875.1	B5F387
WP_000357287.1	B5FIN7
WP_000343990.1	C0PXF5
WP_000097719.1	P40702
WP_000964141.1	Q8ZRU5
WP_000938843.1	V7V1M5
WP_000046849.1	Q8ZME1
WP_001186140.1	T2PZX4
WP_001595192.1	A0A1C3BJ67
WP_001139265.1	P0A1X5
WP_000965032.1	S4KDL3
WP_000213069.1	A0A0N1VMK1
WP_000168929.1	A0A1C3AL06
WP_001148247.1	T2Q0P0
WP_001519564.1	A0A1C3AX42
WP_001148981.1	T2Q1G8
WP_000264222.1	A0A1C3AMP3
WP_000791655.1	P0A1E9
WP_000772458.1	V1N891
WP_001537530.1	A0A1C3AQY5
WP_000460259.1	A0A1C3AQ49
WP_000148453.1	A0A0N2BIP4
WP_000815085.1	V1MIC2
WP_000448179.1	T2Q3K3
WP_000478462.1	A0A1A9M1Q8
WP_000977208.1	A0A1E5LXA7
WP_001191221.1	T2PSX6
WP_000101024.1	B5R7J6
WP_000262867.1	T2PTF4
WP_000549457.1	Q8ZL65
WP_000764336.1	A0A0N2NXB5
WP_000637595.1	A0A0N2BG14
WP_000705151.1	P26403
WP_000019032.1	V1MQ89
WP_000061259.1	A0A0N1VQN4
WP_000189061.1	A0A0N2BI91
WP_000968968.1	A9MYZ8
WP_000060025.1	A0A1C3ATM0
WP_001132508.1	A0A1C2ZPK1
WP_000919233.1	Q8ZPK6
WP_000550712.1	T2PYH8
WP_000350061.1	B5FQ60
WP_000622076.1	T2Q168
WP_000150669.1	T2PV57
WP_000204645.1	B5QWT4
WP_000133994.1	Q57K77
WP_000099470.1	T2Q5C0
WP_001292910.1	B5FM00
WP_001152701.1	B5FJM8
WP_000345261.1	T2PYI8
WP_000130313.1	B5QTJ7
WP_000155796.1	T2PTL6
WP_001013560.1	T2PVH8
WP_000480132.1	T2PVN6
WP_000790657.1	S4I2Z8
WP_001249032.1	T2Q267
WP_000572566.1	A0A1C2ZRV9
WP_000973249.1	B5R7Q0
WP_000884593.1	A0A0N2BFP8
WP_001278856.1	P31570
WP_000974381.1	T2PZL0
WP_000681120.1	A0A1C2ZUT7
WP_000380353.1	A0A1C2ZTE6
WP_000434179.1	A0A0M0Q4Z9
WP_000126602.1	B5QY02
WP_000829025.1	A0A0N2NXE7
WP_000628085.1	A0A1C3AU00
WP_000516128.1	B5R5I2
WP_000193790.1	T2PX07
WP_001521319.1	B5FN93
WP_000756313.1	A0A0H3BPA5
WP_001676553.1	T2PNW5
WP_000743292.1	A9MYC8
WP_000137220.1	T2PVP0
WP_000094422.1	Q7BVH7
WP_001128356.1	A0A1C3ANA7
WP_000524317.1	A0A0N2BHG9
WP_000013290.1	Q5PKG1
WP_000487282.1	T2PZ27
WP_001127431.1	B5QVG2
WP_000797335.1	A0A1C3AKL9
WP_000145429.1	A9MQK5
WP_000876301.1	A0A1C3A2K3
WP_001066345.1	A0A0N2BJF4
WP_000116576.1	Q8ZL56
WP_000178106.1	A0A1C2ZXA8
WP_001125341.1	T2PYS4
WP_000645184.1	T2PN61
WP_000251839.1	V8MN32
WP_000258819.1	Q8VQB5
WP_001521606.1	A0A0N2BJX5
WP_001144948.1	T2PW39
WP_000368599.1	V7V073
WP_000890030.1	A0A1C2ZY88
WP_000922742.1	A0A1C2ZX68
WP_000544895.1	T2PZA6
WP_001252257.1	A0A0N2NXU8
WP_000724474.1	T2PV21
WP_001519110.1	A0A0N2NXD8
WP_000754223.1	T2PQP4
WP_000487682.1	T2PXL4
WP_000905758.1	B5R2N2
WP_000758335.1	A0A1C3AV06
WP_000359195.1	T2PVF4
WP_001068686.1	A0A0W6QVP6
WP_001546072.1	A0A1C3A034
WP_000884627.1	A0A0W5EQN0
WP_001044610.1	Q8ZQ26
WP_000673556.1	A9N750
WP_000619902.1	A0A1C2ZRS3
WP_000228069.1	T2Q000
WP_001243232.1	A0A0N2BKI9
WP_000893481.1	B5F6R9
WP_000981469.1	P0A2K8
WP_000422141.1	A0A1C2ZXC5
WP_000111274.1	B5FUI2
WP_000271927.1	T2Q510
WP_000214061.1	A0A1C2ZV67
WP_000683252.1	T2PSQ2
WP_000911134.1	Q8ZKQ3
WP_000287413.1	V7U4Q8
WP_000066611.1	T2PRK0
WP_000873915.1	B5R173
WP_000758418.1	P63522
WP_000340935.1	A0A0N1VQ88
WP_000490601.1	A0A0N2BIM0
WP_000617985.1	Q93LJ4
WP_001272632.1	P40827
WP_000092178.1	B5QXZ9
WP_001147853.1	T2Q0K6
WP_000017678.1	A0A0W6QTK8
WP_001031445.1	Q9ZFV7
WP_000620015.1	A0A1C2ZZQ4
WP_000558929.1	A0A0N2BKJ2
WP_000708656.1	A0A1C3AK88
WP_001135135.1	P30012
WP_000188292.1	B5QZ37
WP_001247392.1	T2PTF0
WP_000950664.1	A0A1C3AU07
WP_001138913.1	B5FKU0
WP_000125007.1	B5QZB4
WP_001256896.1	P37450
WP_000963846.1	B5FR67
WP_000209485.1	B5R3P4
WP_000413358.1	T2PY66
WP_000083044.1	A0A1C3AQ99
WP_001537860.1	A0A1C3AT24
WP_000548316.1	A0A0N1VNX9
WP_000003370.1	Q57ID2
WP_000216797.1	A0A1C3APU5
WP_000716850.1	T2PR40
WP_000078087.1	T2PVA5
WP_000899675.1	A0A1C3ANI0
WP_000094642.1	T2PYP0
WP_000956921.1	T2Q0L7
WP_001161670.1	A0A0W5F2A3
WP_000342879.1	A0A1C3AQ78
WP_001679247.1	T2Q2U7
WP_000190037.1	T2Q1C0
WP_001000558.1	T2PTS8
WP_000020431.1	P41785
WP_000719058.1	A0A1C2ZWF5
WP_000887832.1	B5F2K4
WP_000730794.1	B5RCL1
WP_000366112.1	A0A1C3APT8
WP_001083598.1	T2PSR8
WP_000019878.1	A0A0W5EGL2
WP_001674927.1	B5RGB2
WP_001092099.1	T2PTH9
WP_000454721.1	T2PVR6
WP_000459957.1	T2Q2X4
WP_000817059.1	T2PWG0
WP_001244037.1	T2PP44
WP_000146332.1	A0A1C2ZQZ5
WP_001237181.1	A0A1C2ZY60
WP_000608660.1	T2PQB8
WP_000429386.1	B5YXE1
WP_001145332.1	T2Q0U2
WP_000016623.1	B5R2M4
WP_000448638.1	T2PWG1
WP_000949014.1	T2PSQ6
WP_000184187.1	S4M4W8
WP_001292799.1	V1M1G7
WP_000820693.1	A0A1C2ZWA8
WP_000331438.1	T2PWE0
WP_000080447.1	T2PSE1
WP_001087453.1	P0A2E9
WP_000769294.1	A0A0N1VPE7
WP_001212681.1	A0A1C3APY2
WP_000497705.1	D0ZY51
WP_000288148.1	A9N5L3
WP_000965730.1	P0A258
WP_000034386.1	A0A0N1VM37
WP_000343634.1	T2PPC5
WP_000186981.1	B5REZ3
WP_000669119.1	T2PRF6
WP_000423371.1	V1N308
WP_001094776.1	A0A1C3AT56
WP_000184996.1	T2Q205
WP_000545594.1	A0A0N1VMQ0
WP_000108313.1	A9MF15
WP_000956811.1	P40730
WP_001212962.1	A0A1C3AR47
WP_000135199.1	A7MM78
WP_000379526.1	T2PY06
WP_000838828.1	Q9L7R3
WP_000997469.1	A0A1C3AT08
WP_001262580.1	A0A0N1VN14
WP_001216673.1	B5F3B7
WP_000801777.1	B5QU79
WP_001091237.1	P43669
WP_000275327.1	T2PPC2
WP_000198339.1	T2PNY7
WP_000730243.1	A0A1C3ALN3
WP_001268879.1	T2PVY2
WP_000824293.1	A0A1C2ZXZ5
WP_000383509.1	V1M0A1
WP_000906759.1	A0A1C3ALF5
WP_001219023.1	T2PRS4
WP_001170769.1	T2Q289
WP_000762206.1	A0A1C3AVQ6
WP_000206886.1	B5R3N1
WP_001173083.1	A0A1C3AIL2
WP_000935334.1	T2PZ00
WP_001291741.1	B5FLC9
WP_000093001.1	P58715
WP_000587775.1	B5R5E3
WP_001213560.1	A0A0N1VM62
WP_000171724.1	A0A1C3AIA2
WP_001081593.1	A0A0N2NXT1
WP_000007065.1	A0A1C2ZQY3
WP_001047354.1	A0A1C3APN2
WP_001278793.1	A0A1C3AJN3
WP_001266937.1	B4SUJ5
WP_001144217.1	B5QVW8
WP_000858228.1	B5F9I1
WP_001589102.1	A0A1C2ZUH1
WP_000108176.1	A0A0N2BGL4
WP_000443029.1	B5F4M3
WP_000340018.1	A0A1C2ZZU0
WP_000024658.1	V1MJH8
WP_001240763.1	T2PUH0
WP_000804703.1	P0A287
WP_000157810.1	T2QE13
WP_001269258.1	T2Q1E7
WP_001257065.1	P0A2M0
WP_000423759.1	T2Q079
WP_000139637.1	T2PZB7
WP_001086485.1	B5F1U5
WP_000964940.1	A0A1C3AR14
WP_000564481.1	B5F4U8
WP_001182581.1	T2PRD5
WP_000676080.1	A0A0N2BHH2
WP_000593035.1	V1NER9
WP_000888535.1	B5RC80
WP_000217902.1	A0A0G2NKT1
WP_000157764.1	A0A1C3AJ90
WP_000457190.1	Q8XEV9
WP_000930129.1	A0A1C3AQH0
WP_000284009.1	Q5PM99
WP_000684029.1	T2PWS3
WP_000338376.1	B5R2W9
WP_000098473.1	A0A0G2NKC0
WP_000872348.1	A0A0N2BGI5
WP_000131713.1	A0A0W5WFI8
WP_000128331.1	T2PT39
WP_000132307.1	T2PZL1
WP_001023069.1	A0A1C2ZQN9
WP_000893174.1	T2PPA2
WP_000787073.1	B5R1R3
WP_000068752.1	A0A1C3AN42
WP_000983260.1	A0A0W5EP76
WP_001275365.1	T2PVL6
WP_000051161.1	A0A0N2BF76
WP_001280776.1	P0AA25
WP_000752021.1	P0A261
WP_000701246.1	T2PTM0
WP_001259735.1	S4KK92
WP_000102338.1	B5BIQ1
WP_001070571.1	A0A0N1VNG7
WP_000842141.1	A0A0N1VMA4
WP_001239448.1	V7UUS0
WP_000833404.1	A0A1C2ZXG7
WP_000499875.1	B5FN44
WP_001230141.1	A0A1C3AQC1
WP_001125566.1	B5RFQ1
WP_000288733.1	B5QZG1
WP_000099989.1	A0A1C3AMS2
WP_000621526.1	Q5PDB9
WP_001083931.1	S5HNX7
WP_000440504.1	T2PNQ3
WP_000800208.1	B5FPX2
WP_000583462.1	T2Q2R3
WP_000127132.1	T2PV32
WP_000007505.1	A0A1C3AIY2
WP_001019577.1	A0A1C2ZV39
WP_000344807.1	A0A0N2BIR2
WP_000156284.1	B5R2T8
WP_001116349.1	T2PSU0
WP_001154025.1	A0A0N2BIJ8
WP_001000514.1	T2PNN1
WP_000817161.1	A0A1C3AKB4
WP_000206958.1	A0A1C3AQX8
WP_000045350.1	T2PRY8
WP_000181569.1	A0A0M0PRJ3
WP_000284639.1	B5RFJ1
WP_000433414.1	A0A0N2BHT2
WP_000082819.1	B4TJ72
WP_000194966.1	B5FUG6
WP_000127723.1	T2Q085
WP_000004794.1	B5R019
WP_001119592.1	V7UYC1
WP_000279836.1	A0A1E5LQQ8
WP_000217946.1	Q57PH6
WP_000595487.1	B5FI78
WP_001238842.1	Q9L6S1
WP_000589762.1	T2PNL3
WP_000697899.1	V7USQ6
WP_001176778.1	T2PPY4
WP_000918865.1	P07362
WP_000817201.1	Q7CR22
WP_000210041.1	T2PSZ6
WP_000281483.1	A0A0N2BLF1
WP_001219836.1	T2Q2K3
WP_000644742.1	B5RH23
WP_001674919.1	B5R6I6
WP_000517460.1	P0A2D2
WP_000625851.1	P0A1J3
WP_000784385.1	T2PNA6
WP_001294863.1	B5FSX9
WP_000084690.1	V7V0M5
WP_000444529.1	B5EZW1
WP_000947413.1	Q8ZRP2
WP_000108071.1	B5R0L1
WP_000233266.1	A0A1C2ZVQ3
WP_001076596.1	B5FLH8
WP_000845123.1	Q57HW6
WP_000612080.1	A0A1C3A086
WP_000412161.1	V2JSU2
WP_000791534.1	A0A1C3AN07
WP_000723776.1	V1M5U8
WP_001535809.1	V1N4N9
WP_000416271.1	A0A1C2ZWP1
WP_000958063.1	T2PXS8
WP_000146192.1	A0A1C3A0I4
WP_000054439.1	B5F7J7
WP_001212379.1	A0A1C2ZZ02
WP_000453347.1	T2PSW8
WP_000793035.1	A0A1C3AJ63
WP_000799367.1	T2PZ52
WP_000333387.1	A0A1C3AIX2
WP_000078499.1	T2Q3K6
WP_000059074.1	A0A0N2BJ59
WP_000178740.1	T2PP74
WP_000783302.1	A0A1C3AME7
WP_000640293.1	A0A0N1VPS2
WP_000867321.1	A0A0M0PZ90
WP_001022463.1	V1N880
WP_001062558.1	Q57IE4
WP_000013013.1	T2Q3J8
WP_000978076.1	A0A0N2BFR9
WP_001113059.1	T2PQI0
WP_000438783.1	A0A100PR24
WP_001675137.1	B5FKT7
WP_001518618.1	A0A1C2ZT98
WP_000357537.1	T2PRX0
WP_000196894.1	A0A1C3AIS9
WP_000235363.1	B4T695
WP_000811635.1	A0A0N2BH77
WP_000557304.1	Q8ZPK1
WP_001266347.1	A0A0G2NU45
WP_001664819.1	R0EUW5
WP_000771937.1	Q9L6R7
WP_000089527.1	A0A0N2NX80
WP_000979963.1	A0A1C3AV29
WP_001257327.1	B5QXC8
WP_000494704.1	B5RBW5
WP_001751919.1	T2PMT2
WP_001156217.1	B5RA25
WP_001122036.1	T2Q1N1
WP_000498936.1	T2Q1R6
WP_000051840.1	Q5PJT7
WP_001094620.1	T2PQQ3
WP_000668652.1	B5QTH3
WP_001096072.1	B5R2M5
WP_000347134.1	B5F752
WP_000775071.1	T2PRT9
WP_000808106.1	P64053
WP_001562341.1	B5R699
WP_000774146.1	Q5PJE3
WP_000860681.1	A0A1C3AMU5
WP_001537837.1	X2KFH5
WP_001220943.1	T2PYB8
WP_000683309.1	A0A1C3A2T6
WP_001840627.1	V1X3P9
WP_000811903.1	T2PV31
WP_001518537.1	P0A1V6
WP_000700679.1	A9MKF6
WP_000747548.1	A0A0W5W6W9
WP_000636696.1	A0A1C3ALP2
WP_000551804.1	B5FR63
WP_000445914.1	A0A1C2ZY99
WP_000291392.1	T2PVR8
WP_000947139.1	P0A2R9
WP_000261277.1	T2PNQ5
WP_001174769.1	Q5PMK9
WP_000137854.1	A0A0N2BIJ7
WP_000166287.1	B5R0U6
WP_001039202.1	A0A1C3AJI3
WP_000202966.1	T2PYP6
WP_000237717.1	T2PX25
WP_000900307.1	T2PTX1
WP_000100099.1	T2PYL1
WP_000899553.1	T2PYR4
WP_000183163.1	A0A1C3A1J1
WP_001077320.1	B4T048
WP_000210202.1	A0A1C2ZVJ2
WP_000841337.1	V1N4P9
WP_000002347.1	T2PNV5
WP_001288828.1	Q8ZQB7
WP_000560612.1	T2Q243
WP_000455132.1	P37589
WP_000749540.1	A0A0N2BK35
WP_000011919.1	A0A1C2ZY20
WP_001139169.1	T2Q2D8
WP_001575805.1	B5R817
WP_000251707.1	A0A1C2ZUR0
WP_001148372.1	A0A1C3AMW3
WP_001229228.1	A0A1C2ZWX2
WP_000891414.1	A0A1C3ANW4
WP_000783335.1	A0A0N2NXG2
WP_000706327.1	A0A0M0QZ90
WP_000193413.1	O33789
WP_001273723.1	A0A1C3APX5
WP_001218249.1	Q8ZL58
WP_001144637.1	B5FL09
WP_000003206.1	B5FR66
WP_000534911.1	V1N924
WP_000925870.1	T2PYR8
WP_001167248.1	A9MZG1
WP_000850547.1	B5QVN7
WP_000247780.1	T2PWW6
WP_000971958.1	A0A1C3AIW1
WP_001187046.1	T2PTB8
WP_001120085.1	P43015
WP_000814354.1	T2PVT4
WP_001272276.1	Q8ZJW6
WP_001575119.1	A0A1C3ALP7
WP_000582935.1	T2PZ24
WP_000337636.1	A0A0N2NXW4
WP_000744416.1	A0A1C3ARE1
WP_001574944.1	A0A0G2NSG0
WP_001221825.1	T2PYN9
WP_000134246.1	B5RDQ1
WP_001676972.1	A0A0W3ZPC8
WP_001522168.1	S5I140
WP_000122257.1	Q57SB5
WP_000362181.1	T2PZJ9
WP_000943930.1	T2Q2F8
WP_000383842.1	B5R4J1
WP_000345576.1	Q5PMU6
WP_000213140.1	V8MEV7
WP_001193983.1	Q05603
WP_000482236.1	T2PTJ2
WP_001118838.1	A0A1C3AM97
WP_000610894.1	B5F770
WP_000224372.1	T2PSL4
WP_001264616.1	S4HT54
WP_000883145.1	A0A0N2BE86
WP_000147027.1	T2PUI5
WP_001079646.1	T2PWC5
WP_001675324.1	T2PSH9
WP_000135058.1	B7M4D4
WP_001275324.1	T2Q1D3
WP_001188418.1	T2Q141
WP_000047845.1	A0A1C2ZXU4
WP_000075728.1	Q7CR81
WP_000619478.1	B5QWX9
WP_001675325.1	T2PWW5
WP_001238163.1	T2Q1Z3
WP_001574769.1	T2PNZ3
WP_000249966.1	T2PUI1
WP_000334205.1	V1N845
WP_001219253.1	B5RDQ2
WP_001538147.1	A0A117G2E1
WP_000773245.1	A0A1C3AT02
WP_000532744.1	T2PSF4
WP_000051467.1	B5R0T7
WP_000794979.1	T2PP33
WP_000174484.1	B4SUG5
WP_000224567.1	Q5PD61
WP_000534676.1	A0A0G2NLX9
WP_000350272.1	A0A0N2BJE1
WP_001675999.1	T2PW65
WP_000014048.1	T2Q5Y3
WP_000611914.1	P0A2T9
WP_001550229.1	A0A1C3AJ08
WP_000087636.1	A0A0G2NLP8
WP_000153505.1	P0A1P1
WP_000018617.1	Q8ZLS1
WP_000405927.1	V7UZ23
WP_001676975.1	T2PQH3
WP_000455249.1	B5FQQ8
WP_001054589.1	T2PV36
WP_000881542.1	A0A1C3AWG7
WP_001257852.1	B5R1A3
WP_000648783.1	Q8Z5I4
WP_001079164.1	A0A1C2ZYD6
WP_001675718.1	A0A0J6DGB5
WP_000287764.1	P26609
WP_001239937.1	T2PRY4
WP_000028882.1	Q57H70
WP_000577507.1	A0A0N1VMX1
WP_001532742.1	Q57I24
WP_000866685.1	Q9L6R5
WP_000956438.1	A0A1C3A3G2
WP_001103591.1	Q5PDP6
WP_000113085.1	A0A1C3AIE7
WP_000234685.1	A0A0N2BJI0
WP_001131305.1	T2PUZ8
WP_001275691.1	P0A2D3
WP_000493576.1	A0A1A9LS20
WP_000928798.1	T2Q3W3
WP_000761307.1	T2PPB0
WP_001531105.1	T2PRL0
WP_000052719.1	T2Q1G2
WP_000972675.1	T2PQ29
WP_001092818.1	T2Q0L4
WP_000046770.1	V7V3F3
WP_000084401.1	Q8ZP65
WP_001182156.1	P55883
WP_000787625.1	A0A1C3AUA2
WP_001279291.1	B5EZH6
WP_000228864.1	T2PTI4
WP_001260683.1	A9N0U7
WP_000576953.1	T2PR08
WP_000133618.1	Q57GK1
WP_000891710.1	Q8ZQR6
WP_000482226.1	A0A0N1VME9
WP_001149563.1	B5FLD6
WP_000058276.1	A0A0N2BJ21
WP_000091392.1	T2PY31
WP_000880125.1	B5QZL7
WP_000023069.1	B5QXR5
WP_000913432.1	A0A1C3AVI9
WP_001675061.1	T2PSW1
WP_001113969.1	B5QWF8
WP_001088050.1	T2PYU4
WP_001575134.1	T2PR75
WP_000759136.1	A0A0N2BG68
WP_000936583.1	A0A1C3A2X0
WP_001537766.1	A0A1C3AXC2
WP_001240054.1	B5R1C1
WP_000598637.1	Q8ZNN2
WP_000261863.1	T2PUG3
WP_000057014.1	P0A2G4
WP_000035719.1	S4KPC6
WP_001051725.1	T2PSM8
WP_000520789.1	Q5PGK0
WP_001197669.1	B5R394
WP_001175741.1	A0A0N1VNY6
WP_001293360.1	B5FPU0
WP_000097015.1	A0A0N2NWS2
WP_000797089.1	A0A1C3AWF9
WP_000633672.1	V7U494
WP_001022121.1	T2PSJ8
WP_001279854.1	B4TJI2
WP_001179794.1	V1MKD0
WP_001264073.1	P0A202
WP_000767403.1	A0A0N2BFC2
WP_000816143.1	A0A0N2NY35
WP_000566563.1	A0A0N2BER7
WP_000997654.1	T2PYL0
WP_000779338.1	T2PZ16
WP_000457031.1	S4KQP8
WP_000840114.1	A0A1C3AWB1
WP_001519713.1	B5FTC5
WP_000571673.1	T2PSV9
WP_000428191.1	A0A0N1VQN6
WP_000671592.1	A0A1C3AJL7
WP_000922811.1	T2PXK4
WP_000917872.1	B5FJ58
WP_000178270.1	T2PTY8
WP_000828348.1	B5FUH7
WP_000548616.1	A0A0N2BHF3
WP_000380129.1	C0Q1X1
WP_001058722.1	T2Q0Y8
WP_000190524.1	A0A1C2ZSE6
WP_001276364.1	A0A0N1VNL2
WP_000714547.1	B4TKH1
WP_001238987.1	T2PXC3
WP_000557256.1	P0A1Z8
WP_001098733.1	T2PWU4
WP_000053044.1	A0A0N2BJN8
WP_001118899.1	B5R6G4
WP_000361649.1	T2PX62
WP_000042658.1	V1NAM9
WP_000205695.1	A0A0N2BJ63
WP_001081721.1	A0A1C2ZXL7
WP_001221017.1	T2PUV6
WP_001234783.1	B5EXU9
WP_000544461.1	P64420
WP_000934851.1	B5QUS1
WP_001101523.1	T2PRB3
WP_000043266.1	B5BE93
WP_000588463.1	A0A0W5WGI1
WP_000498587.1	A0A0M0PZJ9
WP_000129590.1	A0A1C3AWR4
WP_000355776.1	A0A1C2ZXF0
WP_000593089.1	T2PRU2
WP_001518875.1	B4TE57
WP_000398247.1	T2PYX2
WP_000724435.1	Q540U1
WP_001189860.1	A0A1C3AJP1
WP_001531758.1	A0A1C3AWG4
WP_000879248.1	B5FNT6
WP_000853982.1	A0A1C3AHY7
WP_001195800.1	A0A0N1VN42
WP_001258102.1	T2PNJ0
WP_000043012.1	B3YDA8
WP_000699204.1	T2PR43
WP_000525384.1	A0A1C2ZXJ3
WP_000392700.1	Q57I71
WP_000198318.1	V7UVP9
WP_000741630.1	A0A0W6QGG4
WP_000042739.1	Q57TL4
WP_000119020.1	T2PTL4
WP_000594021.1	Q8ZRM9
WP_000976494.1	T2PPJ5
WP_000472034.1	A0A1C3AKV3
WP_001518939.1	A0A1C3ARI3
WP_000958457.1	T2PRD2
WP_000193432.1	V1MNY4
WP_000191231.1	A0A1C3ALA0
WP_000902764.1	A0A0N2BKI7
WP_001196448.1	P0A1I8
WP_001237059.1	B5QWC8
WP_001092251.1	B5QW22
WP_000970444.1	B4TJ79
WP_000127350.1	B5EXM5
WP_001219360.1	A0A0N1VNR3
WP_001103238.1	Q8ZRX9
WP_000700667.1	T2PNG7
WP_000468204.1	A0A0N2BEC4
WP_001517827.1	V7UXB2
WP_001525604.1	A0A1C3AVW4
WP_001272784.1	B5F6A3
WP_000844728.1	A0A1C3AS27
WP_000183621.1	B5FN88
WP_000513733.1	A0A1C3AUD6
WP_001562304.1	A0A1C2ZQF4
WP_012543323.1	T2PPW4
WP_001134268.1	Q8ZQD1
WP_000980659.1	T2Q163
WP_000074119.1	T2QGX1
WP_000207238.1	S4KKT3
WP_001674860.1	T2PTE6
WP_000490091.1	A0A1C2ZT28
WP_000117867.1	Q56112
WP_000102230.1	B5FRC4
WP_000164359.1	Q8ZQ08
WP_001188955.1	T2PY61
WP_000108129.1	Q57JL7
WP_000936326.1	A0A1C3AMH7
WP_001000932.1	T2Q1L6
WP_000250289.1	V1NEF9
WP_001057715.1	B5FHY2
WP_000934064.1	A0A1C2ZR78
WP_000544855.1	T2PYS8
WP_000485048.1	B5R490
WP_000148790.1	A0A0N2NXL2
WP_001576104.1	A0A1C3AV01
WP_000859416.1	A0A1C3AU03
WP_000171739.1	A0A1C3AQ35
WP_000967605.1	A0A0N2BH23
WP_000573335.1	A0A0N2BFK2
WP_000729468.1	Q8ZPQ1
WP_001677023.1	T2PS75
WP_000003307.1	P0A2F0
WP_000263613.1	T2PWY5
WP_000364318.1	A0A1C3AKC5
WP_000331543.1	S4KK50
WP_001280665.1	A0A100PUS3
WP_000423170.1	A0A0N1VP03
WP_001523928.1	V8MIQ8
WP_000818493.1	V1MSY7
WP_000801415.1	B4TME7
WP_001160725.1	B4TCZ1
WP_000912488.1	A0A1C2ZY91
WP_000116685.1	A0A1C3A0H5
WP_000433393.1	T2PRZ5
WP_001670658.1	V8MNG8
WP_000290704.1	A0A0M0QNP4
WP_001670665.1	A0A1C3AXC8
WP_001017925.1	B5QWF7
WP_000982373.1	A0A0N2BFE1
WP_000017587.1	P26475
WP_000929980.1	A0A1C3AUK4
WP_001176879.1	T2PSS1
WP_000593784.1	T2PW75
WP_000285590.1	T2PUA1
WP_001519653.1	A9N4K9
WP_000048160.1	A0A1C3A1I9
WP_000600698.1	B5R1S3
WP_000824320.1	T2PRJ5
WP_000549649.1	A0A0N2NWV3
WP_001082038.1	A0A1C3AN17
WP_000739886.1	B5FL08
WP_000873047.1	B5FKZ6
WP_000700635.1	A0A0N2BE32
WP_000010923.1	A0A1C3AVY4
WP_000909797.1	T2Q1K5
WP_000524168.1	A0A1C3AM99
WP_000792957.1	P43664
WP_000162404.1	T2PS97
WP_001285490.1	B5FUW0
WP_001537306.1	P0A1D9
WP_001098507.1	T2PXI5
WP_000070982.1	A0A1C3A2C6
WP_000421309.1	A0A1C2ZX82
WP_000332709.1	T2PU63
WP_000016631.1	B5R349
WP_001081661.1	Q8ZR35
WP_000742132.1	P0DMP3
WP_000037586.1	T2Q215
WP_001543196.1	A0A1C2ZPL0
WP_001197951.1	A0A1C3AWX2
WP_000986043.1	B5QTU4
WP_000203736.1	Q8ZRW8
WP_000699176.1	B5RCJ5
WP_000027736.1	B5RFD8
WP_000377406.1	A0A0N2NXY9
WP_000195683.1	B5FP55
WP_000468920.1	B5R3T7
WP_000120776.1	A0A0N2BFL2
WP_001523448.1	A0A0V1YGP0
WP_000173208.1	B5F4H5
WP_000974636.1	T2PYJ0
WP_001752330.1	T2PSS2
WP_000206571.1	T2PRG8
WP_001216563.1	A0A1C3AVQ5
WP_000884721.1	A0A0N2BID5
WP_000011238.1	T2PQL4
WP_000382035.1	A0A1C3ARZ7
WP_001669350.1	T2Q292
WP_000891582.1	A0A1C3AKY9
WP_000759290.1	A0A1C3AQ73
WP_000389833.1	A0A1C2ZXR0
WP_000869008.1	B4TZ64
WP_000531566.1	V7U9A4
WP_000646079.1	B5F1Q6
WP_000798080.1	T2Q2V3
WP_000058730.1	P0A1K8
WP_000190678.1	A0A0N2NWW1
WP_000427986.1	B4SY68
WP_001098275.1	A0A0N2BDX1
WP_000079833.1	Q06972
WP_001179690.1	B5RFC6
WP_000801238.1	A0A0N2NX23
WP_000513597.1	T2PQ18
WP_000605592.1	Q8Z2B5
WP_000374046.1	A0A1C2ZU19
WP_000349897.1	B5R2C7
WP_001541637.1	Q8ZL10
WP_000354626.1	V1LW77
WP_000678254.1	V1M0G5
WP_001089085.1	X2KGF2
WP_000068885.1	T2PV27
WP_001295377.1	P0A6U0
WP_001033453.1	T2PXM2
WP_001241375.1	S4KV55
WP_000208532.1	A0A1C3A017
WP_000380259.1	A0A1C2ZRF3
WP_000234834.1	A0A1C2ZX66
WP_001053173.1	B5QY72
WP_001287181.1	B4TB84
WP_000152558.1	T2PT35
WP_000448745.1	P58718
WP_000192026.1	Q7CPI7
WP_000829968.1	B5FIB4
WP_001519708.1	A0A0N2BJC3
WP_001190057.1	B5R3Y5
WP_001076978.1	P66033
WP_001122767.1	Q57H45
WP_000734241.1	T2PWU7
WP_000699632.1	T2PVN2
WP_001535993.1	Q56029
WP_000406920.1	V1MAP6
WP_000743357.1	A0A1C2ZVI0
WP_000634729.1	A0A1C2ZVN0
WP_001048537.1	B5FRB5
WP_000019081.1	B4TN11
WP_001042089.1	T2PSE8
WP_000067735.1	P0A1J9
WP_000367604.1	T2PX80
WP_000373611.1	A0A1C3AT84
WP_001286419.1	B5F7X5
WP_001280991.1	Q7CR17
WP_000849089.1	A0A1C2ZQZ1
WP_001000306.1	A0A1C2ZRS0
WP_000840996.1	Q9L6T3
WP_000208749.1	B4T2Q0
WP_000543421.1	A0A0G2NM98
WP_000611323.1	V1M9W0
WP_001229266.1	A8AHA5
WP_000356718.1	T2PVR9
WP_000166716.1	T2PSZ8
WP_001522308.1	A0A1C2ZTI7
WP_000673491.1	T2PMZ3
WP_000386476.1	T2Q036
WP_000245788.1	Q79BT1
WP_001271546.1	Q5PLG7
WP_000214140.1	B5R3R9
WP_000203913.1	A0A0W5ELQ8
WP_000218333.1	B5QXJ7
WP_000958572.1	T2PV07
WP_000548368.1	A0A1C2ZY07
WP_000788200.1	A0A1C3AJ17
WP_000978525.1	A0A0N2BK09
WP_000377428.1	A0A1C3ASS3
WP_001153607.1	T2PVQ7
WP_000852811.1	Q5PK48
WP_000025494.1	A0A1E5LSI4
WP_000924640.1	A0A1C3ANZ6
WP_000965695.1	A0A0N1VML3
WP_000598920.1	B5FL88
WP_001285199.1	P0A2G8
WP_000480268.1	A0A1C3AUK5
WP_000626384.1	A0A1C2ZY42
WP_001134811.1	V8MKB1
WP_000487129.1	A0A1C2ZV61
WP_001275355.1	A0A0G2NSL0
WP_000041953.1	B5R024
WP_000771416.1	P0A1E5
WP_000476475.1	A0A1C3APU4
WP_000253545.1	B5QW14
WP_000763118.1	A0A1C2ZT12
WP_000179403.1	A0A1C3ARF9
WP_000124676.1	A0A1C2ZQT2
WP_001232199.1	V7UR48
WP_000203944.1	P67342
WP_000434258.1	T2PY53
WP_000168388.1	T2PSX1
WP_001235355.1	T2PRY2
WP_000914254.1	T2Q137
WP_001196509.1	V7V0S0
WP_000285338.1	A0A1C3AI08
WP_000343334.1	T2PN68
WP_000980080.1	Q9L6N7
WP_000523621.1	A0A0W5WJC1
WP_000054241.1	B5R6H8
WP_000639889.1	A0A1C2ZT35
WP_000697758.1	T2PW29
WP_001000660.1	P64502
WP_000805846.1	A0A1C3AUT9
WP_000801129.1	B5QTG6
WP_001221538.1	B5QW15
WP_001246919.1	Q57I25
WP_000762342.1	V1MB46
WP_000100463.1	B5F4R2
WP_000211478.1	B5QWY2
WP_000609650.1	B5FRL0
WP_000702752.1	A0A0M0QMM7
WP_000604569.1	T2QBE1
WP_001287768.1	T2PQ64
WP_000168393.1	A0A1C3A250
WP_000234826.1	B4TKD5
WP_000004867.1	T2PVI3
WP_000565913.1	T2PVL8
WP_000729126.1	B5R005
WP_000051603.1	T2PUJ6
WP_000003007.1	P0A2J2
WP_000527677.1	A0A1C3AIP3
WP_000805728.1	A0A1C3AJT5
WP_000545688.1	Q9L6L2
WP_000527283.1	S4KYP3
WP_000146816.1	A0A1C3A1X3
WP_000191342.1	T2Q0N0
WP_000500446.1	T2PS96
WP_000943475.1	P63994
WP_001226204.1	V1N8Q2
WP_000089748.1	A0A0N2BHX6
WP_000947451.1	T2QFS7
WP_001191856.1	P0A2F3
WP_000098573.1	B5F503
WP_001113452.1	A0A1C3AKZ1
WP_000986173.1	A0A1C3AW31
WP_000956588.1	B4SYE6
WP_000022911.1	T2PZ67
WP_001524418.1	A0A0M0QPB1
WP_001116090.1	A0A0N1VM45
WP_001285173.1	B5R1E4
WP_000210957.1	T2PPS7
WP_000915966.1	T2PU39
WP_000381072.1	T2Q4K3
WP_001538042.1	T2PZ63
WP_001518647.1	A0A1C3A2F9
WP_000543533.1	B5FKS0
WP_000716763.1	V7UMY6
WP_000477838.1	B5R2J7
WP_000811046.1	Q57NN9
WP_000444734.1	V7V368
WP_001675643.1	A0A1C3AKT9
WP_001176621.1	A0A0N2BGP6
WP_000529555.1	O86090
WP_001234841.1	T2PZ46
WP_000437127.1	T2PYB4
WP_000702452.1	A0A1C3AL89
WP_000026949.1	V7UYA7
WP_001518655.1	A9MR48
WP_000114955.1	A0A0W5WKF3
WP_000651591.1	A0A0N2BG61
WP_001112897.1	A0A1C3AQ60
WP_000971148.1	A0A0N2BEE9
WP_000180050.1	A0A1C3AU25
WP_000406438.1	B5R2W4
WP_000879357.1	A0A0N1VM77
WP_000434062.1	A0A1C3AX28
WP_001270913.1	P63829
WP_000658727.1	A0A1C3AKQ0
WP_001287383.1	P0A1S2
WP_000469804.1	B5F287
WP_000958840.1	T2PXW6
WP_000868514.1	T2PVP6
WP_000379928.1	A0A1C2ZVN1
WP_001519938.1	Q57HX0
WP_000286124.1	T2PY15
WP_001574179.1	T2PRM3
WP_000604026.1	A0A1C3ATA3
WP_000252580.1	T2PQL5
WP_000230215.1	P65560
WP_000703599.1	T2PZS7
WP_001140632.1	B5F7U7
WP_000776531.1	Q57GJ7
WP_000683975.1	A0A1C3AKX8
WP_001519486.1	A0A1C3AP64
WP_001157751.1	P0AA21
WP_000131352.1	V1M5K5
WP_000387374.1	B4TIS9
WP_000895635.1	A0A1C3AQV0
WP_000591793.1	P65692
WP_000435095.1	A0A1C3AQD8
WP_001082296.1	P67092
WP_000763488.1	T2PQ06
WP_001119448.1	A0A1C3ANF3
WP_000569771.1	P0A2I8
WP_000950212.1	T2Q0G5
WP_000062611.1	B5YTM7
WP_000201028.1	T2PTU7
WP_000813838.1	A0A1C3AI88
WP_000128807.1	A0A1C3AW01
WP_000124850.1	B7M1C4
WP_001539594.1	A0A0G2NKZ6
WP_000613179.1	A0A1C2ZYA0
WP_000280481.1	A0A0W5EUJ5
WP_001001983.1	A0A1C3A1V3
WP_000625651.1	Q7CR84
WP_000187578.1	A0A0N1VP67
WP_031601915.1	A0A1C3AX57
WP_000985595.1	P0A281
WP_000958587.1	A0A0N1VPV9
WP_001250624.1	A0A1C3A0B4
WP_000092497.1	B5RAJ1
WP_000729185.1	B5YTN0
WP_001137614.1	T2Q0N6
WP_000339359.1	Q8ZKV9
WP_001563086.1	P21622
WP_000836268.1	Q7CR30
WP_000785626.1	A0A0W5W5S4
WP_001194357.1	T2QB43
WP_000048924.1	A9MXQ2
WP_000210304.1	T2Q0N4
WP_000934949.1	B5R023
WP_000037599.1	A0A0N1VNW8
WP_000666689.1	A0A1C3AIH7
WP_000137966.1	Q7CB38
WP_000537407.1	T2PMQ0
WP_001214125.1	A0A1C3AL84
WP_000089384.1	T2PWG4
WP_000097893.1	A0A1C2ZR74
WP_000953167.1	B5FR54
WP_000155633.1	V7UZH4
WP_001574640.1	T2PY27
WP_000472323.1	A0A0N2BK43
WP_000161258.1	A0A1C3AIB8
WP_000924334.1	A0A0W5EUI2
WP_000369761.1	A0A0J6DD46
WP_000796445.1	Q8ZRU4
WP_000433425.1	A0A1C3AKB5
WP_000985529.1	P17328
WP_000704735.1	B5QUN9
WP_000338753.1	A0A1C2ZXQ3
WP_001113171.1	A0A0N2BK65
WP_000435389.1	A0A1C3ANH7
WP_000049161.1	A9N508
WP_000195318.1	P0A2I5
WP_001518648.1	A0A0N2BEL1
WP_000940753.1	T2QHM3
WP_000744668.1	A0A0N2BEU0
WP_000380404.1	B5F6S3
WP_000858692.1	A0A1C3AX14
WP_000478653.1	V7UJD3
WP_001518103.1	B5QWE8
WP_000396012.1	T2PXN4
WP_000580579.1	B5FPE1
WP_000471803.1	T2PNV6
WP_001131148.1	T2PTA6
WP_000028952.1	B5F1B8
WP_000527859.1	P0A1H7
WP_000763861.1	P0A2D6
WP_000124001.1	A0A1C3AQH6
WP_000149872.1	A0A1C3APB5
WP_000379217.1	B5EZ22
WP_000226434.1	P17430
WP_000909019.1	D0ZV21
WP_001674965.1	P02936
WP_000433016.1	V7UB25
WP_000508972.1	P0A2H3
WP_000168181.1	B5R769
WP_001171585.1	A0A1C3APM5
WP_001069371.1	A0A0R9NHY6
WP_001221574.1	P66795
WP_000097497.1	A0A1C3AWH0
WP_000731868.1	P02910
WP_001041023.1	T2Q164
WP_001185319.1	P0A1S6
WP_000844798.1	A0A0N2BIP8
WP_001090556.1	T2PSN0
WP_000121528.1	T2PZC0
WP_001278580.1	P60659
WP_000992493.1	T2PQT0
WP_000442833.1	A0A0N1VN79
WP_000093988.1	A0A0M0QZW8
WP_000732946.1	T2PTX2
WP_000271186.1	A0A1C2ZQN3
WP_000089155.1	A0A1C3AVH9
WP_001176751.1	B5RFW1
WP_000758714.1	A0A1C3A0D6
WP_000609332.1	A0A1C3APM0
WP_000743436.1	B5F095
WP_001100652.1	P0A1Z1
WP_001083582.1	P64267
WP_001103262.1	T2Q053
WP_001127705.1	T2PUL9
WP_000955739.1	T2PPK0
WP_000213165.1	A0A0M0PQN4
WP_000560527.1	A0A0N1VNK0
WP_000490481.1	A0A1C3AQW0
WP_001536441.1	V8MDY9
WP_000244756.1	A0A1C3AQH4
WP_000084606.1	T2PT68
WP_001541152.1	A0A1C2ZRD9
WP_001103154.1	T2PRR6
WP_000678626.1	T2PU06
WP_001292722.1	B5FTA1
WP_000544946.1	A0A1C3AQ45
WP_000579838.1	P60445
WP_000894170.1	A0A1C3AKJ1
WP_000135632.1	B5FN39
WP_001574919.1	B5FTX5
WP_000200077.1	T2PQJ9
WP_001574119.1	T2PV05
WP_000809020.1	P26979
WP_000598596.1	A0A1C3AT75
WP_000183988.1	A0A1C2ZRN3
WP_000218459.1	Q08015
WP_001289141.1	T2PZM0
WP_000372384.1	Q57KI9
WP_000829727.1	T2PWX4
WP_000569412.1	B4TK58
WP_001219533.1	T2PVM9
WP_000816454.1	B5R2J8
WP_000155985.1	T2PRV1
WP_001600370.1	A0A1C3AIE9
WP_000136809.1	Q57HD1
WP_000964234.1	A0A1C3AMA7
WP_000414441.1	A0A1C2ZU42
WP_001025919.1	A0A1C3A0B1
WP_000115874.1	Q57JS2
WP_001261696.1	Q8XFT0
WP_000028507.1	Q5PD19
WP_000079130.1	P65837
WP_001200680.1	A0A0N2BHF1
WP_000874215.1	Q8ZRN1
WP_001522340.1	A0A1C2ZTL4
WP_000842512.1	A0A0H3BRB6
WP_000183331.1	B5FNZ2
WP_000631328.1	A0A0G2NT49
WP_000582810.1	T2PR47
WP_001288957.1	A9MXA9
WP_001107574.1	A0A0N1VM58
WP_000137432.1	A0A0N2BI53
WP_000209832.1	A0A0N2BHP3
WP_000776233.1	P06614
WP_000792803.1	A0A1C3AIB9
WP_000414989.1	A0A0N1VP30
WP_000742083.1	T2Q1N7
WP_000068731.1	B5QXI2
WP_000660721.1	V2ISX9
WP_000785811.1	V7UZN3
WP_000459824.1	V1MRC9
WP_001068659.1	B5FPX4
WP_000440819.1	A0A1C2ZYQ7
WP_001032020.1	T2PY63
WP_000920480.1	T2Q3C7
WP_001667158.1	A0A0L5XE72
WP_001676223.1	T2PV20
WP_000208970.1	B5FIR5
WP_000191404.1	B5QZD8
WP_000818972.1	Q8ZN19
WP_001519074.1	A0A1C3APN3
WP_001096206.1	B5R279
WP_000160778.1	A0A1C3ALI9
WP_000357052.1	A0A1C3ATR4
WP_000706485.1	T2PWD0
WP_000472332.1	A0A0V2DDE2
WP_024131106.1	A0A1C3A2B1
WP_000602193.1	T2PSV2
WP_000847547.1	T2Q015
WP_000383488.1	B5FJ81
WP_000743277.1	A0A1C3AM16
WP_000830690.1	A0A0G2NP84
WP_000857112.1	A0A0V1YNY9
WP_000832316.1	A0A0M0PQ88
WP_000508938.1	A0A1C3A2M6
WP_000187473.1	P22714
WP_000281718.1	P0A1A8
WP_001044509.1	P0A1R7
WP_001038574.1	A0A0M0Q8I2
WP_001012656.1	A0A0H3BPQ5
WP_000595416.1	B5FME2
WP_000778008.1	Q5PFQ8
WP_001273663.1	A0A1C2ZU12
WP_001198350.1	A0A1C3AII6
WP_001519917.1	A0A0N2BE83
WP_000750428.1	B5RCK8
WP_001518854.1	T2PRM8
WP_001283754.1	A0A1C3ARD6
WP_001221962.1	A0A0W6QTJ5
WP_000291723.1	B5BBM2
WP_001150229.1	T2Q2C8
WP_000127031.1	A0A0F6AYT5
WP_001068436.1	V2JXY6
WP_001675230.1	A0A0M0QUP4
WP_000741801.1	T2QBA2
WP_000780893.1	A0A1C2ZU98
WP_001221670.1	T2PV58
WP_000379673.1	T2PRP8
WP_001249485.1	B5FP54
WP_001518850.1	A0A1C3AN43
WP_001088593.1	A0A0N1VMA5
WP_000798844.1	P67271
WP_000444167.1	A0A0N2BHX9
WP_000091471.1	A0A0N2BKK2
WP_000084813.1	T2Q3D1
WP_000700608.1	T2PWE8
WP_001114515.1	B5RGF2
WP_000973433.1	A0A0W6QY47
WP_000210741.1	B5F8U1
WP_001258084.1	B5R5I1
WP_001267523.1	A0A0N2NWZ0
WP_000339616.1	T2PXR6
WP_001250083.1	B5FLJ9
WP_001109121.1	B5R8Y4
WP_000133534.1	B5FR78
WP_001001154.1	P58651
WP_000522253.1	P0A284
WP_000100257.1	A0A1C3A289
WP_001532066.1	A0A0M0QR69
WP_001574468.1	B5RB33
WP_001145849.1	B5F7P3
WP_000118383.1	B5FPL0
WP_000460698.1	B5FJH1
WP_000648135.1	A0A0H3BQN1
